customer_id,age,gender,region,education_level,employment_type,annual_income,loan_amount,loan_purpose,credit_score,repayment_history,transaction_count,spending_ratio,join_date,default_flag
CUST1000,59.0,Female,South,Secondary,Self-Employed,582391.1061647913,189837.60077538143,Car,788.7546473429909,2,38,40.612775815603754,2016-12-07 05:48:54,0
CUST1001,49.0,Male,West,Primary,Salaried,667650.4975058357,287991.25027836836,Business,571.9807259919781,1,33,52.866031121408376,2022-06-09 05:11:55,0
CUST1002,35.0,Female,East,Post-Graduate,Salaried,563722.9193781428,451837.2599868749,Other,826.6735272923763,1,48,69.38766524218468,2017-01-23 01:27:55,1
CUST1003,63.0,Female,North,Graduate,Self-Employed,501129.1324286566,317216.17127570906,Business,602.4520117808316,0,32,13.001753708790813,2019-08-19 20:18:09,0
CUST1004,28.0,Male,North,Post-Graduate,Salaried,349860.78740235476,740726.4083994848,Business,542.7954487711353,1,48,21.027790183071847,2017-04-19 18:33:34,0
CUST1005,41.0,Male,North,Post-Graduate,Salaried,604388.7616430664,437708.04013306915,Business,632.646800765877,0,42,39.09483226291854,2023-05-15 08:22:11,1
CUST1006,,,North,Graduate,,,680813.8798478523,Education,,2,32,29.862100303241263,2017-11-01 16:44:01,1
CUST1007,39.0,Female,South,Graduate,Self-Employed,462800.39165611577,54425.82928761967,Car,721.61641880149,1,51,95.0,2015-02-01 21:29:08,0
CUST1008,43.0,Male,South,Graduate,Salaried,414443.17818784784,257301.9746343775,Other,698.237128275301,1,42,1.0,2015-08-15 20:09:04,0
CUST1009,31.0,Female,North,Secondary,Salaried,552124.629698217,199913.5894520347,Other,713.6149489313216,2,39,10.96778797227627,2016-04-27 18:26:48,0
CUST1010,31.0,Female,North,Graduate,Self-Employed,557334.0401381461,225260.35866146156,Car,588.4325228398154,1,38,8.248319061170886,2016-02-10 07:03:35,0
CUST1011,44.0,Male,North,Graduate,Salaried,791991.334886749,149795.2061579716,Car,676.0835501092687,3,44,7.605988181147316,2024-06-22 02:42:42,1
CUST1012,56.0,Male,South,Graduate,Salaried,916695.4554499199,307958.29293272237,Car,650.2001840253698,2,35,6.292748528180645,2016-06-08 08:14:57,1
CUST1013,60.0,Male,North,Post-Graduate,Salaried,376444.231952606,82041.9631064068,Car,794.7253398915527,1,39,30.871441805074014,2018-05-20 07:00:48,0
CUST1014,44.0,Female,North,Graduate,Salaried,998566.5250540059,309298.5026976697,Home,641.3049826730678,3,39,2.2142094378430293,2024-04-01 02:00:43,0
CUST1015,23.0,Male,West,Graduate,Self-Employed,444140.88009571366,152813.46413383225,Other,619.7378764338073,0,39,33.83201736863262,2017-01-05 13:36:12,0
CUST1016,42.0,Female,West,Graduate,Salaried,634505.356584618,179830.19903028916,Home,556.8160482104702,2,34,29.557390046600773,2020-03-11 02:52:57,1
CUST1017,22.0,Female,North,Graduate,Salaried,702172.5978296635,315874.7526854332,Business,661.2011589500493,2,45,7.218870607805545,2018-03-22 03:04:48,0
CUST1018,44.0,Female,East,Graduate,Salaried,1088916.5505165013,254553.58342467376,Business,673.4361466815068,0,44,7.286690152627903,2020-01-14 15:24:26,0
CUST1019,64.0,Male,North,Secondary,Self-Employed,491543.53244746715,456960.6434689379,Other,553.8729449487586,0,40,24.779437655500505,2021-12-14 06:25:08,0
CUST1020,50.0,Female,West,Graduate,Self-Employed,240652.39740438934,135713.03470182975,Business,686.2530883248461,2,38,35.90509486172216,2023-01-07 22:43:04,0
CUST1021,58.0,Male,East,Secondary,Salaried,898075.8940385962,231324.46368575215,Car,668.6543619035887,3,33,52.284940911980016,2015-08-16 01:07:10,0
CUST1022,22.0,Female,East,Secondary,Salaried,433325.28824091307,413852.07003865676,Home,731.0756607907011,2,42,47.787161228451005,2018-09-25 14:07:47,1
CUST1023,41.0,Male,North,Graduate,Self-Employed,527682.2838848814,301558.6628633683,Car,746.9894494321522,2,35,83.72674422711634,2021-08-24 17:57:42,0
CUST1024,53.0,Male,West,Graduate,Salaried,376450.0692147649,313437.90588279563,Business,657.5423434891424,0,44,21.77008464643829,2023-07-28 22:41:33,0
CUST1025,32.0,Female,West,Post-Graduate,Self-Employed,528259.2453902162,472043.1665919532,Home,567.0908092694324,1,41,59.82794693724593,2020-07-24 03:22:30,0
CUST1026,42.0,Male,East,Graduate,Self-Employed,431921.6927589118,190280.49094816294,Car,583.5502735564285,1,39,41.32341962071092,2020-06-08 06:48:10,1
CUST1027,64.0,Male,North,Graduate,Self-Employed,735288.3632989542,167694.8895738702,Other,790.9702130463272,0,38,56.26586114233499,2023-05-25 07:47:18,0
CUST1028,45.0,Female,South,Graduate,Salaried,616158.3259443959,343019.52960784803,Car,663.2391514498048,1,42,1.0,2017-02-01 13:13:51,0
CUST1029,47.0,Female,South,Graduate,Salaried,463788.96787706425,221979.67628399987,Business,789.6923023640845,0,41,84.46364091355477,2019-04-10 21:28:54,1
CUST1030,62.0,Female,West,Primary,Self-Employed,799174.3953317855,476070.93280943984,Home,689.8883854789784,2,38,16.039030960155966,2019-09-20 04:55:21,1
CUST1031,48.0,Female,South,Secondary,Salaried,650999.3501349197,303113.9426852077,Other,710.2988509742759,2,38,40.00984702826747,2023-09-27 20:19:16,1
CUST1032,36.0,Male,West,Secondary,Salaried,230790.34991118894,167040.16840136595,Home,725.0978892990528,2,30,3.4013391038911878,2023-01-25 21:17:57,0
CUST1033,35.0,Male,West,Graduate,Self-Employed,783940.6628168604,297458.6242328626,Other,552.1488948472461,0,36,12.602089057890758,2023-11-23 11:38:40,0
CUST1034,64.0,Male,West,Primary,Self-Employed,,141263.21490279704,Home,674.5560600090021,2,38,7.917841439471409,2018-12-31 10:36:42,0
CUST1035,23.0,Male,South,Secondary,Salaried,,428547.5935644579,Business,551.040087891035,1,40,8.620733470644346,2017-02-14 18:26:55,0
CUST1036,57.0,Female,West,Secondary,Salaried,624783.4852685289,104999.26363038432,Other,627.2070121698029,0,40,3.28849499908598,2024-02-01 21:14:03,0
CUST1037,27.0,Female,East,Post-Graduate,Salaried,2649948.779318886,2527337.858683159,Education,900.0,1,37,40.96701255681357,2024-09-08 05:13:53,0
CUST1038,41.0,Male,North,Secondary,Self-Employed,559140.9333396326,294350.3215052401,Home,567.9732887574038,0,43,1.0,2022-11-08 12:27:56,0
CUST1039,29.0,Male,North,Graduate,Unemployed,760783.8661761441,219973.73200454138,Home,694.7469859622138,4,39,9.367534672648352,2020-02-27 17:44:00,0
CUST1040,59.0,Female,West,Secondary,Salaried,445852.5880598275,383847.4513612593,Car,530.1304811627331,3,39,4.79144136762751,2020-06-26 04:46:01,0
CUST1041,,Male,North,Graduate,Salaried,,329982.8579533099,Other,,5,40,22.231420374507085,2015-10-28 02:41:35,1
CUST1042,24.0,Female,South,Secondary,Self-Employed,555662.2840001866,539408.8040006415,Education,596.8450254315721,0,46,7.334201933376722,2021-05-24 18:42:52,0
CUST1043,45.0,Male,South,Secondary,Salaried,370125.6779568254,536400.8650113635,Business,567.8306060624973,2,41,7.493814200778491,2021-11-29 12:34:31,0
CUST1044,34.0,Female,North,Graduate,Salaried,448735.31507428514,299950.95786741865,Car,535.1715267207136,2,39,16.752282740459904,2015-08-27 05:30:27,0
CUST1045,29.0,Male,South,Primary,Unemployed,634510.0383608381,143909.16590161633,Education,603.6516933729873,0,38,26.438369002533157,2015-04-22 22:07:06,0
CUST1046,46.0,Female,North,Primary,Salaried,840495.5495306016,175447.4066437474,Other,497.391055443456,2,48,3.232927262519409,2015-03-03 15:57:06,0
CUST1047,22.0,Female,North,Secondary,Self-Employed,663429.396942095,232585.19535237865,Education,606.1280688713337,2,42,4.824800681840297,2023-05-24 10:39:18,0
CUST1048,40.0,Female,North,Primary,Salaried,590827.7481261957,464646.8885521199,Home,737.9589620266465,0,30,7.098053566198402,2016-08-23 08:08:44,0
CUST1049,,,West,Secondary,,,184640.8975179528,Home,,2,36,91.00053146642954,2024-04-17 12:20:54,1
CUST1050,27.0,Female,North,Secondary,Self-Employed,819032.0823440463,194120.75400678773,Car,555.7985107274687,0,48,12.652275407532462,2019-03-11 20:03:55,0
CUST1051,64.0,Female,West,Post-Graduate,Salaried,686701.0999893685,736018.385398821,Other,668.1010653255047,3,29,22.84422850843925,2024-10-05 07:09:15,0
CUST1052,28.0,Male,North,Graduate,Unemployed,458654.0472961521,228072.96830775536,Other,661.0316620699925,2,37,6.911723142751811,2020-12-06 15:41:27,0
CUST1053,55.0,Female,North,Graduate,Salaried,779729.6917369801,165903.38267932882,Education,806.5287970068573,1,44,16.85614972889022,2015-06-09 04:48:49,0
CUST1054,34.0,Female,North,Secondary,Salaried,711915.4123020933,386925.5657836338,Car,713.2576814832324,3,48,1.9252437664813147,2017-04-21 13:30:26,0
CUST1055,37.0,Male,South,Post-Graduate,Salaried,437293.9301267528,234760.10225020486,Other,674.4478501738276,2,39,1.0,2018-01-03 08:38:51,0
CUST1056,56.0,Female,West,Secondary,Salaried,579724.3487471599,105476.18817701109,Home,722.4053238687638,1,33,15.812288772204603,2015-03-07 14:39:55,0
CUST1057,60.0,Female,West,Primary,Salaried,501445.4543514126,453408.35743094893,Education,639.249514545595,1,44,12.714839894803125,2024-01-11 12:01:15,1
CUST1058,24.0,Female,North,Graduate,Salaried,1126707.5880063209,155092.4093460423,Business,643.9669455275041,1,47,3.680047953251512,2022-11-20 09:31:59,1
CUST1059,22.0,Male,North,Secondary,Salaried,706348.9766251318,249234.96350257943,Home,782.7152242745252,1,38,29.086885875927454,2021-01-10 04:57:24,1
CUST1060,26.0,Male,South,Secondary,Salaried,637352.410969648,233075.22434940748,Car,519.1536778547002,3,41,95.0,2018-11-24 02:55:49,0
CUST1061,62.0,Other,South,Graduate,Self-Employed,694532.6112153427,278747.2410368735,Other,727.4356410512752,2,38,12.589912970477316,2017-07-06 01:30:11,0
CUST1062,24.0,Female,South,Post-Graduate,Self-Employed,875832.5176394996,65209.18136362112,Home,641.1366819449779,2,38,24.491324355300534,2015-12-07 14:44:35,1
CUST1063,49.0,Male,West,Graduate,Self-Employed,583323.9711123069,198578.60838262236,Business,626.6808462997318,2,40,82.40468428163089,2016-01-17 23:09:43,0
CUST1064,38.0,Female,West,Graduate,Salaried,482018.1404268487,476823.764941307,Business,605.7683253045029,0,36,44.52567755862601,2024-03-06 11:28:25,1
CUST1065,46.0,Female,West,Post-Graduate,Salaried,768856.6456194835,518796.66957957216,Car,662.293921645135,1,46,15.569651559531009,2017-02-09 15:11:17,0
CUST1066,64.0,Male,North,Secondary,Self-Employed,565011.0867997376,133950.52187598357,Home,646.5176426796266,0,41,33.43660346381249,2015-09-15 18:37:43,0
CUST1067,54.0,Female,West,Secondary,Salaried,386020.9341838993,421830.5388350686,Education,616.8238090618427,2,38,3.4280182434559636,2021-05-20 00:07:36,0
CUST1068,30.0,Male,East,Secondary,Salaried,347062.7136487883,153759.06562492705,Home,593.787380390668,2,49,17.941317858785872,2022-04-26 04:08:36,0
CUST1069,56.0,Male,East,Graduate,Self-Employed,905859.3101679067,193935.4487682167,Business,497.57356380392514,3,37,8.17999368458397,2022-09-09 10:13:36,0
CUST1070,34.0,Male,South,Graduate,Self-Employed,626328.9133838569,200147.4012099732,Car,592.0957004518664,0,33,4.3934922588176875,2017-08-07 01:18:57,1
CUST1071,51.0,Female,West,Post-Graduate,Salaried,2892519.1392091187,1295905.3725972092,Car,900.0,3,37,13.890384654214186,2021-02-04 08:58:28,0
CUST1072,35.0,Male,East,Graduate,Salaried,553133.0177915873,442776.2638807629,Education,662.0984857733473,1,42,3.5107225585543604,2023-03-22 14:19:34,0
CUST1073,28.0,Male,South,Graduate,Self-Employed,761488.9436016703,284574.6025696767,Car,807.0468707745204,0,38,30.01488852384285,2017-07-27 16:25:42,1
CUST1074,34.0,Male,West,Secondary,Salaried,541318.896831591,225104.70844587966,Car,600.7235045189265,1,42,15.231184673997403,2022-03-04 18:57:02,0
CUST1075,43.0,Male,North,Post-Graduate,Self-Employed,310116.05416451633,433820.7632268358,Car,568.1015317002264,1,32,18.936523577389323,2019-10-21 16:16:35,0
CUST1076,60.0,Female,East,Post-Graduate,Self-Employed,665168.1704295849,150001.88892910027,Car,592.8403126957521,0,48,3.956609783184653,2023-02-10 20:23:57,0
CUST1077,41.0,Male,North,Post-Graduate,Self-Employed,841669.5635147126,231809.11548971603,Car,662.2675814081692,1,28,3.763935365495467,2016-09-25 15:56:13,0
CUST1078,,,West,Primary,,,441294.9435115756,Business,,4,45,21.891645034851006,2020-10-25 10:15:38,0
CUST1079,38.0,Female,East,Graduate,Salaried,488134.01237255096,333561.8975860167,Home,708.2676170455634,1,47,95.0,2022-08-01 06:14:54,0
CUST1080,44.0,Male,West,Primary,Self-Employed,853834.5312916759,183545.45253314445,Other,716.2166398587412,1,31,2.53007877155794,2016-05-22 07:47:05,1
CUST1081,46.0,Male,North,Secondary,Self-Employed,642589.9947343245,97951.32396649536,Car,727.538447008958,2,40,8.412405922532779,2021-10-13 09:45:30,0
CUST1082,45.0,Male,East,Primary,Self-Employed,848229.4687757454,292586.2911066476,Other,627.6893090021464,1,44,50.90172045119391,2023-10-07 11:40:49,0
CUST1083,61.0,Male,North,Graduate,Salaried,714737.4060005108,94164.15602448478,Other,814.2512146992966,0,31,1.8754176454342402,2016-08-03 02:33:38,0
CUST1084,49.0,Male,West,Graduate,Salaried,295680.63147346606,213736.4902270217,Business,621.6185183072988,1,40,52.16381339779866,2020-07-09 01:39:26,0
CUST1085,35.0,Male,West,Secondary,Self-Employed,949347.7875016693,492558.7587291388,Car,658.7472461072728,0,39,18.573460267893775,2018-01-14 13:21:51,0
CUST1086,21.0,Male,North,Secondary,Self-Employed,610356.7702397907,347338.5347423556,Other,753.6661657418153,1,53,13.117484432388874,2017-09-14 02:16:36,0
CUST1087,45.0,Female,East,Graduate,Unemployed,715358.7647827634,72099.87670331293,Car,695.3140022390213,1,55,9.265020957598486,2021-07-22 14:00:01,0
CUST1088,27.0,Male,North,Secondary,Self-Employed,331191.07430563116,273832.2311051345,Education,470.73226047818093,2,44,8.81412638950702,2022-12-08 06:57:36,0
CUST1089,29.0,Female,West,Secondary,Salaried,701065.300015613,200485.66987681654,Education,650.4508664237483,1,43,9.124972389951822,2019-12-26 01:04:53,0
CUST1090,,Female,North,Graduate,Self-Employed,,113070.81236964744,Education,,1,41,54.02780688810323,2017-04-14 17:17:48,0
CUST1091,21.0,Male,West,Graduate,Self-Employed,987064.0673196808,296859.0652791336,Other,542.5223776376354,2,47,32.16531921736871,2023-12-03 09:10:39,0
CUST1092,64.0,Female,North,Primary,Salaried,880079.9589590565,180765.75317628807,Education,710.0554236103189,2,47,27.69559015967875,2018-04-27 22:41:50,0
CUST1093,28.0,Male,East,Primary,Self-Employed,710844.9407892079,181439.8688724118,Business,681.2123152010763,2,35,40.08007834706179,2024-02-23 09:15:27,0
CUST1094,,Female,East,Secondary,Salaried,,261562.11586700537,Business,,2,39,7.430339263497168,2024-09-06 08:32:40,0
CUST1095,31.0,Male,North,Post-Graduate,Salaried,626454.5580994843,166786.40844750608,Other,594.6454942129087,0,35,24.061168754217917,2017-05-28 18:15:35,1
CUST1096,37.0,Male,North,Graduate,Self-Employed,481498.08695741394,257156.85291171612,Car,729.6714732471396,2,40,15.407720292117432,2015-04-19 10:12:02,0
CUST1097,28.0,Male,East,Graduate,Salaried,646995.5749632494,170076.74685078888,Home,662.7686597920665,1,45,38.1322030136007,2017-10-29 05:32:52,1
CUST1098,55.0,Other,West,Secondary,Salaried,356734.8334409802,175768.5099019972,Car,791.2840243241831,2,39,9.24965403401876,2015-07-20 17:32:00,0
CUST1099,55.0,Male,East,Graduate,Salaried,557966.6184416197,440540.5883147642,Car,850.0,3,36,25.762998744366346,2022-12-15 16:50:21,1
CUST1100,53.0,Female,West,Primary,Salaried,496563.3832387863,468271.2410143564,Car,773.0664351242042,1,32,53.471809419760476,2020-10-05 17:59:02,0
CUST1101,,Male,North,Graduate,Salaried,,87099.58966187721,Car,,2,51,12.860404728231229,2019-09-15 00:41:06,0
CUST1102,62.0,Female,North,Post-Graduate,Salaried,492352.76280176913,380120.5454660076,Home,835.6803196849444,0,46,1.7236277273182505,2017-02-13 04:57:11,0
CUST1103,59.0,Male,West,Graduate,Unemployed,572829.0567223511,561942.3832853663,Education,698.2782433334387,0,35,18.144384565432855,2024-04-07 02:29:00,0
CUST1104,,,North,Post-Graduate,,,618112.7050492292,Car,,4,44,10.615146520909976,2018-07-21 22:39:48,0
CUST1105,48.0,Male,West,Graduate,Salaried,150000.0,331780.1519170558,Business,646.858135443874,1,43,27.885726064964146,2023-11-16 15:29:32,0
CUST1106,27.0,Male,South,Secondary,Salaried,150000.0,128741.43413902388,Other,710.9337749036001,1,43,75.41517850912803,2020-05-28 09:19:05,0
CUST1107,29.0,Male,East,Post-Graduate,Self-Employed,532261.732015625,354331.6097016442,Other,716.0763324496052,0,50,16.61925691197071,2020-10-30 10:54:35,0
CUST1108,,,South,Primary,,,144126.77697118567,Business,,3,36,15.69289349338663,2021-08-12 14:27:27,1
CUST1109,32.0,Female,West,Graduate,Self-Employed,637822.2433207881,197643.64201428308,Car,562.5174170832262,2,46,26.57520269609152,2021-11-29 19:58:41,0
CUST1110,54.0,Male,East,Secondary,Self-Employed,454465.52902875515,305544.0674694088,Home,622.6952123032121,2,32,2.7313550331711838,2020-05-27 00:11:50,0
CUST1111,53.0,Female,West,Primary,Self-Employed,601893.0388045363,149813.1892667283,Education,692.7634890764953,1,43,7.309198815667401,2023-12-30 22:15:57,0
CUST1112,43.0,Male,East,Graduate,Salaried,625304.641003611,122046.79502717187,Other,703.0050039903936,2,46,62.826272903556315,2016-10-25 02:06:46,0
CUST1113,44.0,Male,East,Secondary,Self-Employed,453088.3806269057,321085.90755677666,Education,661.3044099283849,0,46,27.71221851856484,2021-02-10 08:47:55,0
CUST1114,57.0,Male,East,Graduate,Salaried,802691.1643482202,744400.5351025724,Home,583.2457013185882,2,33,1.0,2018-01-05 13:59:50,0
CUST1115,55.0,Male,East,Graduate,Unemployed,635397.2622910121,511928.6804319369,Other,788.9554354415442,2,38,5.723554289074177,2024-06-03 14:05:59,0
CUST1116,64.0,Female,West,Primary,Self-Employed,709392.219092658,371131.49435983546,Education,564.2353550525568,2,35,28.708507011286237,2018-08-11 13:12:48,1
CUST1117,60.0,Male,East,Secondary,Salaried,613769.1462567706,436922.5649011061,Home,754.1872595883009,2,59,36.14041106253739,2020-07-09 05:24:36,0
CUST1118,42.0,Male,East,Graduate,Salaried,1020734.620612344,355980.6656221381,Education,709.1058626760292,2,46,45.79260444722168,2015-01-17 15:09:13,0
CUST1119,,,South,Secondary,,,318042.44816373644,Car,,2,32,8.63902346913111,2016-04-09 05:54:00,0
CUST1120,55.0,Female,North,Graduate,Self-Employed,502401.3367585549,416303.8593587287,Home,614.4453365661666,0,36,66.85158247734076,2016-03-11 09:19:34,0
CUST1121,21.0,Male,North,Graduate,Salaried,764193.3768736802,106828.72657557792,Education,638.5876641528637,1,26,20.12694712780099,2018-04-18 18:17:04,0
CUST1122,55.0,Male,South,Post-Graduate,Salaried,272479.01650866563,273673.53028517566,Car,654.4034045824835,1,40,29.81255628346095,2024-11-07 13:56:44,0
CUST1123,57.0,Female,South,Graduate,Salaried,623920.0525334209,231290.800927236,Car,611.8881791518788,3,38,22.704273592737433,2018-02-01 18:27:31,0
CUST1124,34.0,Male,West,Graduate,Self-Employed,663832.0580183981,254572.69143446998,Home,668.0206762796079,1,50,3.2737981912260787,2020-03-15 01:25:39,0
CUST1125,23.0,Male,West,Graduate,Self-Employed,626204.1524157396,184089.3784600658,Business,776.3271564856966,5,49,82.49852700431443,2022-08-16 21:11:26,0
CUST1126,21.0,Male,West,Secondary,Self-Employed,533244.2258322225,331801.6756360574,Other,546.2532922265622,3,38,3.277660663511861,2016-12-11 09:32:57,1
CUST1127,25.0,Female,South,Secondary,Self-Employed,397545.32863259694,148634.14966551043,Home,597.4230633431127,3,42,7.355315634596908,2023-05-02 22:09:01,0
CUST1128,46.0,Female,South,Graduate,Salaried,442130.59758980747,176254.99176859652,Car,588.7403745034995,2,47,42.00024899823378,2019-08-27 20:45:43,0
CUST1129,34.0,Male,East,Graduate,Salaried,620414.9832494768,164008.25678823658,Car,642.4465390291161,1,44,24.097465478720366,2024-05-14 16:51:03,0
CUST1130,59.0,Male,West,Graduate,Self-Employed,377296.1535144015,407733.0631827883,Home,639.1578984816904,3,30,45.52700354626485,2019-04-18 03:45:56,0
CUST1131,47.0,Male,West,Post-Graduate,Salaried,954033.5231294546,241099.71885471293,Business,711.7851667552565,2,38,18.1281363854195,2024-01-16 00:49:18,0
CUST1132,29.0,Female,West,Post-Graduate,Salaried,150000.0,184149.0192655155,Other,652.69784823371,0,46,11.829947552353467,2021-02-06 22:45:11,0
CUST1133,,,North,Post-Graduate,,,194063.78700354946,Education,,3,41,63.72669091030856,2017-01-01 10:09:18,0
CUST1134,35.0,Male,East,Graduate,Salaried,622077.9278215395,243367.60816460548,Home,681.87584364096,1,36,1.0,2023-06-27 23:55:07,0
CUST1135,46.0,Female,West,Secondary,Salaried,701484.1855666577,642617.4954460036,Other,669.632324896465,1,46,48.47116741366398,2018-12-04 07:18:35,1
CUST1136,62.0,Male,West,Graduate,Self-Employed,416815.05454751453,115622.72491288012,Other,706.2650449166074,2,37,6.560684680095129,2024-10-01 04:19:46,0
CUST1137,33.0,Female,West,Secondary,Salaried,4961153.752665855,1820722.4139561937,Car,900.0,1,47,47.21826977853701,2021-03-13 13:39:10,0
CUST1138,52.0,Male,North,Graduate,Salaried,321233.7912374154,322261.11202161456,Education,781.7094716859998,0,32,3.74722888386901,2019-03-18 21:48:15,1
CUST1139,59.0,Male,North,Graduate,Salaried,486774.2822784864,142945.79206872638,Home,850.0,3,50,21.70055114427781,2023-02-02 09:57:28,1
CUST1140,52.0,Male,South,Graduate,Self-Employed,724149.5110558848,585442.9236008605,Car,706.4984779813656,3,34,54.75551087035847,2023-10-15 20:45:01,0
CUST1141,24.0,Female,East,Secondary,Salaried,808037.7129585504,335564.0984099652,Car,668.2392930967249,3,42,16.039481324885756,2020-07-18 14:23:28,0
CUST1142,,,South,Secondary,,,179039.19334003248,Business,,1,34,34.316362589400704,2017-10-28 03:54:07,0
CUST1143,57.0,Female,East,Graduate,Self-Employed,1129007.3580830316,79566.78448696007,Other,561.9173531293085,2,35,40.826828144447234,2023-08-07 06:39:25,0
CUST1144,43.0,Male,North,Secondary,Salaried,420501.6873665581,278587.67511216115,Home,664.4084373972332,0,39,33.3419983234449,2024-05-03 04:09:51,0
CUST1145,59.0,Female,West,Post-Graduate,Unemployed,337563.5044944435,236369.76274102918,Home,591.4940314441113,1,44,64.86683375242835,2020-02-02 08:39:37,0
CUST1146,35.0,Male,South,Secondary,Unemployed,700542.9783546514,130819.29746252738,Home,690.7981533792264,1,43,14.802438960040442,2017-11-15 23:29:05,0
CUST1147,63.0,Male,West,Secondary,Self-Employed,530341.3092837086,129810.54936118162,Car,591.8912553618283,1,41,4.752556880684522,2019-10-13 05:37:21,0
CUST1148,49.0,Female,South,Primary,Self-Employed,,408850.94063474593,Business,622.4178043712883,1,51,1.2247950346113186,2016-01-20 06:34:04,0
CUST1149,56.0,Male,North,Graduate,Salaried,719128.811513944,75100.54206288003,Education,500.2423275581558,0,37,7.0743250930990556,2021-01-08 21:22:31,0
CUST1150,33.0,Male,North,Graduate,Salaried,294540.86191443814,293188.09750882,Car,556.1403448041865,4,51,3.863696163695054,2021-07-19 17:33:25,0
CUST1151,52.0,Male,North,Secondary,Salaried,259573.12000505952,216975.0859874346,Education,678.3899042348837,3,30,20.40823585057865,2017-08-29 07:11:07,0
CUST1152,27.0,Male,South,Primary,Salaried,480515.32697135437,327188.87974116806,Business,580.4923137345256,3,40,5.112502427114417,2016-08-30 07:43:55,0
CUST1153,42.0,Male,East,Graduate,Unemployed,815580.347890665,203499.127031458,Other,735.1019187028461,5,37,1.0,2024-05-30 14:33:31,0
CUST1154,48.0,Female,South,Secondary,Salaried,489188.94131744327,289515.75014353526,Home,573.688872926935,3,42,1.0,2019-11-01 11:32:44,0
CUST1155,22.0,Male,East,Graduate,Self-Employed,919831.3369057229,155489.75019477343,Education,686.2603601028617,3,31,44.53080168689664,2023-11-10 09:55:12,0
CUST1156,62.0,Female,South,Graduate,Self-Employed,840202.9522343781,235738.17738687075,Car,589.0499496822594,2,38,22.37852013364603,2018-08-23 23:11:50,0
CUST1157,26.0,Female,South,Secondary,Self-Employed,656589.236901497,325608.27483189,Education,680.8375820026821,1,38,11.082496327821085,2018-12-25 15:03:27,1
CUST1158,48.0,Male,North,Secondary,Unemployed,667944.7718749514,265806.2988711967,Other,527.2170136723888,1,44,56.16174622366669,2023-01-08 07:00:49,1
CUST1159,48.0,Male,West,Post-Graduate,Salaried,656400.5250033712,305035.7022941035,Home,613.7453619496354,2,36,1.8195531325231287,2020-09-15 08:24:01,0
CUST1160,64.0,Male,West,Graduate,Salaried,631943.54573642,139141.57519217717,Education,582.3029371769812,0,48,95.0,2021-02-23 14:05:20,1
CUST1161,64.0,Female,East,Graduate,Salaried,526751.6605043641,170347.4174760948,Other,720.6586060247184,2,41,23.946822142415584,2015-11-22 19:00:19,0
CUST1162,40.0,Male,West,Secondary,Salaried,549962.4333585674,172128.4185120916,Car,686.9809971563363,4,38,5.0671146986229125,2018-09-20 18:58:45,0
CUST1163,50.0,Female,South,Graduate,Salaried,386007.9686814836,205686.0274806945,Business,551.3939156307614,2,45,28.413236015868026,2019-06-12 06:58:37,1
CUST1164,31.0,Male,South,Primary,Salaried,157991.44214196398,548613.6407163648,Car,633.7455410703295,3,30,36.03262810624374,2021-12-09 23:44:52,0
CUST1165,48.0,Female,North,Graduate,Self-Employed,820814.1218564099,196318.32868270183,Home,588.2145725821732,0,34,14.024164268268013,2024-06-07 17:31:31,0
CUST1166,45.0,Male,North,Post-Graduate,Salaried,631451.6873570597,122255.0021815739,Car,726.0205755094834,0,39,49.44607144537476,2016-01-12 04:38:43,0
CUST1167,59.0,Male,West,Secondary,Salaried,601242.2711243572,336040.64964376535,Car,751.7219318123151,2,44,4.084523914482202,2024-03-24 15:06:01,0
CUST1168,53.0,Female,East,Primary,Self-Employed,679689.8245715759,544697.6008680998,Car,534.6683882791349,3,43,8.17227253924903,2020-12-22 04:51:26,0
CUST1169,21.0,Female,West,Primary,Salaried,434320.5090412702,113922.41082821043,Car,716.1362379505184,2,36,2.4538955637561073,2020-07-26 11:43:02,0
CUST1170,47.0,Male,West,Secondary,Salaried,399787.55732311343,793085.6107264486,Home,584.1363144593832,0,39,5.920853549833413,2021-07-14 03:13:53,0
CUST1171,33.0,Female,West,Secondary,Self-Employed,543263.0612643695,311484.8440820926,Other,629.7666581824544,1,33,6.81914067648792,2017-05-01 10:19:13,0
CUST1172,61.0,Male,West,Primary,Self-Employed,873619.6963527625,451501.72545653535,Education,652.5803383248766,1,24,62.41431814153368,2019-05-02 18:49:55,0
CUST1173,23.0,Female,South,Graduate,Self-Employed,366251.7943013747,585512.5995136236,Business,795.3284930844378,2,31,2.033225769489302,2019-03-10 17:53:56,1
CUST1174,59.0,Female,East,Graduate,Salaried,150000.0,435204.18277115823,Education,569.6920218375292,1,48,13.939857321564055,2021-02-03 11:22:56,0
CUST1175,26.0,Male,South,Secondary,Self-Employed,495719.7816362495,227221.0569552555,Education,716.7799778114642,1,34,19.003481047947965,2016-03-31 07:16:08,0
CUST1176,28.0,Male,East,Post-Graduate,Self-Employed,828539.9832470366,504144.83989662956,Business,556.2796473464306,2,40,57.24000748793138,2016-10-07 04:21:32,0
CUST1177,47.0,Male,North,Secondary,Salaried,253491.19512912928,282874.8526184047,Home,550.7525132127413,2,40,95.0,2021-08-23 13:32:27,1
CUST1178,29.0,Male,West,Post-Graduate,Self-Employed,363943.27923542564,467096.3512412945,Business,652.2770758735325,1,31,34.998487340749065,2019-05-25 02:56:46,0
CUST1179,57.0,Female,South,Secondary,Self-Employed,652709.3481156337,498782.4412922767,Home,651.7383592791779,0,35,88.331951878518,2021-04-07 03:21:08,0
CUST1180,53.0,Male,East,Post-Graduate,Salaried,1113981.407095067,126179.66033544751,Education,423.4145345224597,1,42,38.67345066660329,2023-12-10 00:17:10,0
CUST1181,62.0,Male,North,Graduate,Salaried,328357.6662947609,391046.07824039407,Home,742.7677031500398,2,26,82.55823004775364,2019-10-12 04:01:11,1
CUST1182,64.0,Female,North,Post-Graduate,Unemployed,320613.18170640816,217698.17169109255,Other,478.8708700455319,2,31,30.712676910742815,2016-07-26 02:00:45,0
CUST1183,44.0,Other,West,Post-Graduate,Self-Employed,667739.673767837,263791.52234419924,Business,638.3250051109359,1,36,2.0781123936661285,2024-10-11 03:36:35,0
CUST1184,35.0,Male,East,Secondary,Salaried,840934.8879987409,262040.8402220906,Other,756.2092361284244,0,41,12.850776684248617,2017-02-18 09:08:36,0
CUST1185,52.0,Male,South,Post-Graduate,Self-Employed,475180.25753485796,255807.92030922585,Education,826.7347173350943,3,43,26.003675830618718,2017-06-29 13:16:44,0
CUST1186,52.0,Male,West,Secondary,Salaried,275721.1687755662,605684.9148467839,Business,620.9560109049136,4,41,10.797223166427441,2023-04-11 09:01:33,0
CUST1187,44.0,Male,South,Secondary,Salaried,686749.8441772691,106951.5731768747,Education,535.364073310633,0,44,7.983925659333178,2015-02-02 00:37:29,0
CUST1188,61.0,Female,North,Secondary,Salaried,722968.2794605946,86387.13004446433,Other,753.2438580614366,2,41,21.533185990397705,2015-05-09 19:28:29,0
CUST1189,32.0,Male,South,Graduate,Unemployed,955731.0253076497,76116.92752316396,Education,719.212524009621,6,43,67.76453882019494,2022-11-08 12:38:39,0
CUST1190,59.0,Female,South,Secondary,Unemployed,731389.4224648557,461153.64757151215,Business,610.880616833722,1,33,1.0,2019-11-06 03:47:22,0
CUST1191,22.0,Male,West,Graduate,Salaried,765613.2152744759,152655.26754113781,Business,600.7410033432635,3,48,36.65847377020237,2015-04-13 01:37:25,1
CUST1192,23.0,Female,South,Graduate,Salaried,547570.9712264189,262842.922980286,Education,592.6086269072455,1,40,32.06884253390985,2015-05-06 20:24:56,1
CUST1193,57.0,Female,West,Graduate,Salaried,1088300.8684338937,226651.69289058808,Business,622.4330771412293,0,38,83.07358593678134,2019-08-18 01:11:21,0
CUST1194,37.0,Female,North,Post-Graduate,Unemployed,520371.59788230597,142653.6460342877,Business,675.2854513921304,1,37,66.73680810800657,2023-05-05 00:32:13,0
CUST1195,22.0,Male,West,Graduate,Unemployed,477615.575717646,404693.93426808936,Education,604.7188333810583,2,31,35.911555862013905,2016-07-02 08:33:17,0
CUST1196,22.0,Male,West,Secondary,Self-Employed,961902.9837037213,224924.98353194818,Other,614.8335779550208,1,26,18.37052827450838,2022-01-08 00:03:01,0
CUST1197,48.0,Male,East,Secondary,Self-Employed,305152.54422091803,210524.84502813662,Business,701.302321552846,2,31,5.712306794803232,2024-10-01 18:30:36,0
CUST1198,43.0,Female,South,Secondary,Self-Employed,230518.323094417,279210.92664264864,Business,531.4068687152902,1,53,19.699401413145278,2018-09-01 21:46:42,0
CUST1199,57.0,Female,North,Primary,Salaried,623911.384919697,374169.15150545916,Business,619.9251424069137,3,33,36.241718354950756,2024-04-28 07:54:05,0
CUST1200,52.0,Female,West,Secondary,Salaried,599652.6953448609,136572.95966879083,Business,515.9247184720718,2,40,56.504719492198994,2020-02-16 02:36:01,0
CUST1201,53.0,Female,North,Secondary,Salaried,554422.4036898676,409933.81892694556,Education,658.6729978682321,2,34,38.981932576054376,2018-03-06 21:20:53,1
CUST1202,21.0,Female,East,Post-Graduate,Self-Employed,798785.9514243304,579494.883096738,Other,494.84756734865005,3,36,5.431116326611985,2023-07-08 23:45:56,0
CUST1203,39.0,Male,South,Graduate,Self-Employed,418358.7635422859,103189.93299189622,Other,721.2008101461143,0,43,22.8876706194943,2016-06-22 09:55:39,0
CUST1204,22.0,Female,West,Secondary,Salaried,612833.4251249349,286925.9327739839,Home,544.8290083366396,2,36,10.093170228067336,2016-09-15 23:15:01,0
CUST1205,64.0,Male,South,Graduate,Unemployed,527978.8094723626,202206.8925123289,Business,508.19371477108365,2,52,1.0,2016-03-13 06:00:51,1
CUST1206,46.0,Male,East,Secondary,Salaried,421756.2999786498,369364.17056009383,Business,620.9109363278706,2,46,5.58549397979816,2020-12-27 01:28:00,0
CUST1207,52.0,Male,East,Graduate,Salaried,587631.9832078633,117008.80559971236,Home,786.888583334164,5,51,3.0039771852022428,2021-09-11 04:45:04,0
CUST1208,26.0,Male,North,Graduate,Self-Employed,770519.1606590205,645230.5252327572,Other,706.8953962737261,2,30,46.243051249651735,2016-07-28 11:04:36,0
CUST1209,52.0,Male,West,Graduate,Self-Employed,1024113.6240861004,92527.67945992787,Car,496.2148715636828,0,46,7.477213729917325,2024-01-02 00:23:25,0
CUST1210,24.0,Female,North,Graduate,Self-Employed,715883.7965797938,209699.62657581348,Car,542.5499785884367,2,33,8.37626010866335,2015-07-21 19:23:48,0
CUST1211,31.0,Male,East,Post-Graduate,Salaried,150000.0,315078.6740768184,Other,618.3519701403434,4,42,80.43228439357598,2020-12-15 01:08:54,0
CUST1212,37.0,Female,South,Post-Graduate,Salaried,592371.9829116702,160845.2323434644,Business,829.0682529416689,0,46,11.914096436074779,2021-11-21 22:14:36,0
CUST1213,58.0,Male,North,Graduate,Self-Employed,609960.5581805665,146379.679687325,Car,574.8836681624906,1,45,1.0,2020-12-01 22:30:03,0
CUST1214,44.0,Male,North,Graduate,Salaried,787241.80191599,277434.84227298846,Education,575.5291805037444,3,31,8.34650646231557,2024-09-16 21:44:03,0
CUST1215,25.0,Male,South,Graduate,Salaried,636962.0604979479,254398.17889595896,Education,772.1943509504144,1,37,3.175943924019765,2020-03-25 07:29:33,0
CUST1216,54.0,Male,North,Secondary,Self-Employed,850617.7834604153,243668.23870801876,Home,665.5925764209901,0,32,2.712150477748544,2018-05-26 14:45:12,0
CUST1217,26.0,Female,South,Secondary,Salaried,678334.1231230544,406448.7431385014,Other,734.2400021838993,1,38,2.016353138293541,2023-01-03 00:43:47,0
CUST1218,42.0,Male,West,Primary,Self-Employed,911759.6138995778,191628.97966507287,Other,591.8320367859228,1,42,22.489495392488017,2019-08-13 19:02:46,1
CUST1219,31.0,Female,South,Graduate,Self-Employed,512250.8159903413,294123.6658071248,Car,641.8691321816758,2,52,5.247901897747282,2021-08-07 10:36:04,0
CUST1220,36.0,Male,West,Graduate,Salaried,628868.6934593387,179160.6762789069,Business,755.2505489750596,0,39,11.205771404576476,2021-05-24 11:54:39,1
CUST1221,53.0,Female,South,Secondary,Salaried,765328.3070779793,145859.96673869208,Other,638.412729861136,1,48,49.51574949549516,2016-11-29 00:54:12,0
CUST1222,29.0,Female,East,Post-Graduate,Self-Employed,485561.1859413113,204668.07978125126,Car,739.844255802117,1,34,13.805870973099102,2016-01-17 21:02:22,1
CUST1223,26.0,Female,East,Post-Graduate,Self-Employed,441997.4395837848,180005.17648049712,Car,680.9813840347624,2,31,61.83177025309158,2023-05-19 02:22:29,1
CUST1224,36.0,Male,West,Graduate,Self-Employed,474129.580062663,185482.85285215502,Other,566.8296737264865,4,36,17.225794182329185,2021-08-30 05:08:27,0
CUST1225,49.0,Male,West,Graduate,Self-Employed,450156.87658221554,488549.68308202113,Car,648.6946230123182,2,38,12.722213147126208,2016-10-27 18:41:17,1
CUST1226,23.0,Male,East,Post-Graduate,Self-Employed,704512.3841750654,208467.39468375733,Home,728.5107193820027,0,27,34.69628202133687,2015-06-09 07:19:23,0
CUST1227,40.0,Female,West,Secondary,Unemployed,233038.3940730889,163122.38016388137,Home,703.5532952949508,2,40,1.8997654704414144,2019-12-18 00:02:19,0
CUST1228,56.0,Male,South,Graduate,Salaried,288805.9947364186,246926.81210340938,Other,646.7797681263337,1,36,2.3434409544235866,2017-07-20 07:28:55,0
CUST1229,39.0,Male,South,Secondary,Salaried,972549.2984714524,258470.47854209755,Business,498.66284888228006,1,49,26.38693168390322,2018-08-27 20:05:11,0
CUST1230,46.0,Female,East,Graduate,Salaried,454980.6558051645,119118.16495691525,Home,506.3206814872227,0,31,16.68409679386276,2015-05-07 12:56:46,0
CUST1231,23.0,Male,North,Secondary,Salaried,640002.9702343496,202998.98070337833,Home,523.3355528298307,1,38,39.06567720847158,2023-09-10 11:41:06,0
CUST1232,39.0,Female,South,Post-Graduate,Salaried,302170.71642017434,198151.94325117476,Other,609.1646234586759,1,45,62.00419858339261,2016-05-04 22:58:48,0
CUST1233,40.0,Male,West,Post-Graduate,Salaried,618824.8535578552,218975.12892017374,Education,619.8305701045242,1,40,12.290566238632659,2019-07-18 18:56:04,0
CUST1234,52.0,Male,North,Secondary,Unemployed,456198.6664637192,375238.47036836704,Car,531.9670879124782,2,42,22.683895842175165,2018-07-22 06:18:44,0
CUST1235,27.0,Female,North,Graduate,Salaried,287382.10036791716,263551.24933917023,Home,731.8010234956813,1,47,17.363535190839745,2015-04-17 19:12:05,0
CUST1236,61.0,Male,South,Post-Graduate,Salaried,867384.0875129427,507251.5982169745,Education,548.8984738223567,1,35,95.0,2022-09-17 04:11:02,0
CUST1237,53.0,Female,South,Graduate,Salaried,836513.1454121743,241108.8539084817,Business,540.3552766346393,3,48,44.45890351602097,2021-04-30 08:41:04,1
CUST1238,60.0,Male,North,Post-Graduate,Salaried,578529.0418571967,704788.028808615,Education,657.0588603108758,2,35,60.686057747288515,2019-12-11 14:39:38,0
CUST1239,59.0,Male,North,Graduate,Salaried,799883.8065355823,184155.35329764738,Other,727.9124095994582,1,41,7.337141604881146,2015-01-20 20:23:47,0
CUST1240,38.0,Female,East,Secondary,Salaried,980658.5375454321,153010.61411988357,Business,814.3883695850534,4,33,37.01802982765549,2016-10-25 16:48:38,1
CUST1241,60.0,Female,West,Secondary,Salaried,750815.1866316178,337183.174057653,Business,696.6036043602542,1,33,7.713220766494325,2015-10-06 22:34:56,0
CUST1242,,,East,Secondary,,,550426.7483714466,Education,,1,38,5.853296728571457,2020-02-25 08:43:43,0
CUST1243,31.0,Male,South,Graduate,Self-Employed,639789.9392966619,106161.629381957,Other,553.0354678618751,1,40,72.17919424879062,2020-10-06 05:12:57,0
CUST1244,48.0,Female,East,Secondary,Self-Employed,729899.472971848,215734.89848717066,Home,822.7791408528799,0,32,1.0,2016-09-21 05:39:39,0
CUST1245,45.0,Male,East,Graduate,Self-Employed,527216.1213020727,168304.6203645409,Education,501.0812439555609,1,47,84.0893791621691,2023-01-02 19:41:21,1
CUST1246,43.0,Male,East,Graduate,Salaried,544672.8261677107,264530.1752237777,Home,609.6928596889855,0,35,4.041273745434791,2016-10-07 05:00:09,0
CUST1247,51.0,Female,East,Graduate,Self-Employed,690178.275042503,244265.4332270974,Education,694.852201566302,1,32,42.79203807191464,2021-01-24 16:34:20,0
CUST1248,50.0,Male,West,Post-Graduate,Self-Employed,505227.02596809424,544285.2519310145,Home,521.5826387443245,1,44,8.071423035424734,2024-07-28 02:15:01,0
CUST1249,62.0,Female,West,Post-Graduate,Salaried,526840.0654412995,227511.74087315466,Education,575.8359926459733,3,47,10.796600099925833,2017-10-23 14:54:16,0
CUST1250,55.0,Male,North,Graduate,Self-Employed,600037.3329269947,553972.5741624878,Business,563.1261976568293,2,55,6.1078298621626015,2016-03-28 06:35:02,0
CUST1251,27.0,Male,South,Post-Graduate,Salaried,830121.5101186138,200975.80333739394,Car,625.1823194200213,0,47,22.01790457753708,2019-07-19 16:32:53,1
CUST1252,36.0,Male,East,Graduate,Self-Employed,373467.2492880705,423322.30788574857,Business,763.7266285338139,1,34,10.696431826294127,2016-06-21 07:54:05,1
CUST1253,46.0,Female,North,Graduate,Unemployed,751835.7005410522,278506.81735475577,Home,651.3460053030249,2,39,26.779284414676663,2021-04-08 09:15:47,0
CUST1254,22.0,Female,North,Post-Graduate,Salaried,758359.282560694,685518.8249285991,Other,612.9548844612787,2,30,1.0,2016-06-20 22:53:20,0
CUST1255,21.0,Female,North,Secondary,Self-Employed,757162.4018593618,100086.59920959288,Business,419.25405062574384,6,45,1.6635099827157087,2021-02-19 23:52:40,0
CUST1256,32.0,Female,West,Secondary,Self-Employed,438650.72395810223,120775.0941950556,Car,687.3404163870863,1,36,2.624602238743625,2020-11-24 16:23:59,0
CUST1257,25.0,Female,East,Post-Graduate,Unemployed,261463.67689781258,728667.913958908,Home,713.2012327182543,2,42,13.574841338304996,2023-12-28 10:15:38,0
CUST1258,57.0,Female,East,Graduate,Salaried,711940.0944822844,156379.4874231179,Business,513.9984185751831,4,48,42.15745727501864,2017-08-03 15:36:04,0
CUST1259,52.0,Male,South,Post-Graduate,Self-Employed,637507.7568827923,162448.7725417354,Education,644.6422112221983,0,51,54.77115390472759,2016-11-07 11:33:43,1
CUST1260,29.0,Male,East,Post-Graduate,Salaried,800875.3269526265,143568.25543099307,Other,665.4406552265638,0,36,7.019672143272983,2020-10-26 09:55:18,0
CUST1261,61.0,Male,East,Primary,Salaried,459892.6343980923,483626.20031880174,Home,727.1681405842955,1,31,21.354605170708556,2023-03-25 09:26:31,0
CUST1262,,,North,Post-Graduate,,,114453.6746689985,Business,,3,42,36.56480976322278,2023-09-28 07:38:40,0
CUST1263,39.0,Female,South,Graduate,Unemployed,810882.4224438823,246094.3424690421,Home,579.9711711132162,0,33,8.521074407262832,2021-08-31 13:01:15,0
CUST1264,36.0,Male,East,Graduate,Self-Employed,580938.0557901299,207031.63919734518,Education,613.480216122531,0,54,13.148808814651147,2024-12-11 19:30:40,0
CUST1265,23.0,Female,West,Graduate,Self-Employed,683385.9006529633,452213.34519621887,Car,752.7549642221907,1,36,18.55708075452133,2018-03-20 14:26:53,0
CUST1266,40.0,Female,East,Post-Graduate,Unemployed,676393.291504819,173128.67837007952,Business,733.5076353738136,0,29,3.6220274070707603,2021-05-18 18:22:56,0
CUST1267,44.0,Male,North,Primary,Salaried,435706.09419406997,311502.78178788745,Home,648.2923758262069,1,45,1.0,2016-02-17 21:05:41,0
CUST1268,53.0,Female,West,Graduate,Salaried,706219.3204569215,120243.03868918109,Home,731.5821221750631,2,51,4.14563354496442,2018-07-10 16:12:10,0
CUST1269,44.0,Female,North,Graduate,Salaried,924499.6681802027,950140.0019631827,Home,460.5047034518273,2,48,24.644612500092713,2023-12-28 05:49:25,0
CUST1270,31.0,Male,East,Graduate,Salaried,604440.7869085274,210290.37763176608,Car,713.332336487482,2,37,1.9117221180335868,2022-03-09 14:52:18,0
CUST1271,28.0,Female,West,Graduate,Salaried,307815.0122696685,244081.65280324238,Home,560.4987069748922,2,47,5.258656083692998,2021-01-16 06:12:25,0
CUST1272,56.0,Male,South,Secondary,Salaried,2775328.1629031883,3276513.7294901516,Other,900.0,0,42,10.306725773176876,2021-12-22 03:08:59,0
CUST1273,58.0,Female,South,Secondary,Salaried,244114.1102296745,170756.9254161798,Other,564.860423045342,1,47,2.026728431769286,2021-04-27 07:52:41,1
CUST1274,,,West,Secondary,,,660286.6948120617,Home,,0,28,5.320527513746293,2022-11-21 06:52:37,0
CUST1275,40.0,Female,West,Post-Graduate,Salaried,752821.0592656189,189684.47171658857,Other,694.9938984104942,2,41,60.55387124878025,2017-12-03 13:10:57,0
CUST1276,55.0,Male,North,Secondary,Salaried,499726.1456664363,363312.6038525479,Business,702.7163307824829,2,41,1.0,2015-02-23 15:19:51,1
CUST1277,45.0,Female,West,Secondary,Unemployed,316388.0156062127,172196.4087941616,Other,614.2934336986252,2,36,26.491900315501017,2018-11-26 11:58:54,0
CUST1278,55.0,Female,North,Post-Graduate,Self-Employed,433341.0083515019,107621.75958736683,Home,679.7123227538425,1,37,12.129309619553617,2024-12-06 12:29:03,0
CUST1279,45.0,Male,East,Primary,Unemployed,472344.6068605705,311376.04552424036,Education,689.6303852262789,3,41,27.918037331931306,2023-07-13 04:22:36,0
CUST1280,49.0,Female,North,Post-Graduate,Salaried,621881.5198040117,356447.4278818869,Business,681.4491724846428,2,41,22.21030683852238,2021-03-25 02:37:23,0
CUST1281,38.0,Male,West,Graduate,Salaried,615151.8686396759,110245.89450923393,Car,617.6356065953283,2,48,6.323925805380387,2024-02-03 11:19:25,1
CUST1282,38.0,Female,West,Post-Graduate,Self-Employed,868286.3950747405,201947.89723953363,Home,690.4168819268552,3,34,46.967187390658715,2023-03-31 11:02:02,0
CUST1283,22.0,Male,East,Secondary,Salaried,461449.02846039145,499046.9092968098,Car,762.5096324013195,2,37,16.928912030531542,2021-05-25 04:14:23,0
CUST1284,55.0,Male,West,Primary,Salaried,298362.42912921426,348039.5391250431,Education,551.9609216624939,0,39,43.22469035286489,2016-01-26 22:25:06,0
CUST1285,36.0,Male,West,Graduate,Salaried,368604.3049715416,191543.6499930442,Car,582.7951971566555,1,30,13.022426613404276,2015-11-26 10:05:14,0
CUST1286,61.0,Female,South,Post-Graduate,Salaried,3572370.1746641984,848243.051848953,Home,900.0,1,33,95.0,2023-11-26 05:17:06,0
CUST1287,56.0,Male,South,Graduate,Salaried,454264.38661084184,781481.3741363336,Home,565.5020767465573,1,37,36.79514705926089,2021-04-10 03:43:17,0
CUST1288,53.0,Female,East,Secondary,Salaried,541598.2908973949,101909.53206047342,Education,505.72770126181916,0,45,84.49828175672211,2015-07-17 03:21:28,0
CUST1289,24.0,Male,North,Graduate,Self-Employed,509193.28393611126,234328.874769347,Home,737.4498380705566,0,40,18.055466203065894,2017-09-03 03:49:04,0
CUST1290,53.0,Male,South,Graduate,Salaried,798047.6907410366,100829.05889713827,Education,471.6969387179,0,39,16.046675940280135,2024-03-12 04:03:44,1
CUST1291,34.0,Male,North,Graduate,Salaried,482606.8625815356,534394.0605521529,Education,617.8093841980532,2,41,35.20877672487601,2021-04-27 03:46:26,0
CUST1292,41.0,Female,West,Graduate,Self-Employed,524531.584610438,241766.05741340443,Home,710.7155455806936,5,46,53.06734195959352,2017-01-31 21:25:25,0
CUST1293,40.0,Male,South,Post-Graduate,Salaried,743456.7162317551,270196.4188884271,Other,671.3359831601658,2,39,83.20736121685654,2023-06-27 00:17:18,0
CUST1294,28.0,Female,East,Graduate,Salaried,487003.6177935848,1278675.5655261418,Education,619.0200507216838,1,37,9.809474136025814,2019-05-17 05:36:55,1
CUST1295,27.0,Female,East,Primary,Self-Employed,4107854.849348421,850308.3326563381,Home,900.0,2,38,40.07454170294555,2016-07-26 15:22:02,0
CUST1296,23.0,Female,East,Graduate,Salaried,666297.0524043518,693249.7122715669,Other,677.509425051835,1,56,5.913496995446797,2016-05-17 02:24:48,0
CUST1297,37.0,Male,South,Primary,Salaried,628353.1717922159,192059.56770475596,Education,570.9284449226502,3,48,19.718023948575976,2024-03-21 23:17:42,0
CUST1298,53.0,Male,North,Graduate,Salaried,373120.72345870204,211058.90106071412,Other,671.274606905461,0,41,4.956644275040221,2019-02-01 15:07:12,1
CUST1299,32.0,Female,West,Graduate,Salaried,845954.8449043874,1182220.6728392146,Business,661.2734118587805,0,45,10.66967130390389,2023-08-18 11:12:40,0
CUST1300,42.0,Male,North,Primary,Salaried,1044136.7593166227,220432.27275360335,Business,662.0826327244108,0,42,66.97140090751677,2024-12-06 15:49:01,0
CUST1301,42.0,Female,North,Secondary,Self-Employed,601765.627653479,106444.30370433949,Other,598.7744992656468,1,34,3.94825741642727,2018-01-17 17:50:38,0
CUST1302,50.0,Male,West,Secondary,Salaried,390729.025325925,287549.7802353632,Education,812.8007287467831,2,36,25.019058089574862,2022-08-28 14:45:50,1
CUST1303,58.0,Female,West,Post-Graduate,Salaried,605820.5416650046,218897.29033878888,Home,678.65653070963,0,41,22.470743708019523,2021-10-03 23:44:33,0
CUST1304,58.0,Female,South,Post-Graduate,Salaried,797972.0281171999,302627.36375256814,Car,627.7032860624282,1,41,3.2168190216971713,2018-02-24 05:30:57,1
CUST1305,28.0,Other,South,Primary,Salaried,476962.46485687856,224098.580154927,Home,671.1416458449444,0,35,9.862351905551183,2020-11-06 23:09:39,1
CUST1306,47.0,Male,South,Post-Graduate,Self-Employed,574220.163176362,917425.6036864154,Car,588.0430684860552,0,48,20.694494025461953,2015-11-04 16:02:47,0
CUST1307,47.0,Female,South,Graduate,Salaried,668130.8272824283,339097.00751939777,Car,619.0956401217675,2,33,5.181097120568507,2023-09-17 20:25:36,0
CUST1308,54.0,Male,South,Secondary,Salaried,840609.5704411849,127391.6175143067,Education,841.3535945695614,1,48,40.31402666176129,2022-05-18 12:30:38,0
CUST1309,41.0,Male,West,Primary,Salaried,755084.7466178748,261640.86057178598,Other,588.6095354846153,2,43,89.52890188669616,2017-11-30 13:05:45,1
CUST1310,50.0,Female,North,Graduate,Salaried,763373.5939064524,150274.98160520114,Home,643.7781839788468,2,46,6.0441277824301,2019-01-01 03:39:09,0
CUST1311,53.0,Female,South,Graduate,Salaried,514746.28866471496,209268.1440477454,Other,613.5116120200187,1,47,5.172897272655559,2017-11-01 16:56:35,1
CUST1312,48.0,Other,South,Graduate,Self-Employed,680383.7910347846,140608.62119565246,Business,566.8292845740176,1,36,15.17125892745517,2020-08-18 06:29:24,0
CUST1313,53.0,Female,North,Primary,Salaried,455607.33457497414,859641.8378989366,Education,683.6867992175845,1,33,34.434879626779775,2017-10-13 04:03:20,0
CUST1314,25.0,Male,South,Primary,Salaried,769105.2199770423,160358.8236252639,Education,652.9177741323367,1,44,8.268240285777628,2019-03-24 04:49:08,0
CUST1315,39.0,Male,North,Graduate,Salaried,830243.9281571228,366787.746088682,Business,722.8821847199943,0,29,1.0,2024-11-14 03:17:16,0
CUST1316,24.0,Female,North,Secondary,Self-Employed,710672.7137545246,199967.94283819874,Home,714.8462336264004,3,46,19.479646389415116,2022-02-16 14:13:30,1
CUST1317,55.0,Male,West,Secondary,Salaried,526517.8826410369,121170.27859811121,Business,722.0566175233597,0,45,78.43272300393447,2020-08-13 12:43:14,0
CUST1318,,,East,Secondary,,,273372.21808471833,Home,,2,39,12.409793030417214,2020-12-19 22:29:23,0
CUST1319,64.0,Male,West,Post-Graduate,Self-Employed,961303.2421324019,308789.5025590747,Car,701.2768639362477,1,51,13.623979808159268,2022-11-20 07:07:53,0
CUST1320,48.0,Male,East,Post-Graduate,Self-Employed,529857.9110753008,339481.9029839304,Education,703.2217205032075,5,39,86.76506684978136,2018-11-12 18:48:00,0
CUST1321,50.0,Male,East,Graduate,Salaried,809998.8334901136,50345.70075319224,Home,568.3149601434516,1,35,29.65394524937234,2022-10-20 02:37:46,0
CUST1322,49.0,Male,East,Post-Graduate,Salaried,667778.3196437043,115738.95795935958,Other,624.5107006218209,2,31,31.7503155487666,2016-03-17 04:13:59,0
CUST1323,26.0,Male,South,Secondary,Self-Employed,533172.7103080314,431288.6348673478,Other,533.5110322816826,1,37,20.678510159386022,2022-07-20 05:08:54,1
CUST1324,55.0,Male,West,Graduate,Unemployed,331070.194506115,139502.2239533953,Education,703.5698105904228,1,42,91.83422007839414,2015-05-22 09:12:08,0
CUST1325,61.0,Other,East,Secondary,Self-Employed,642320.0761177014,274242.06113923347,Business,703.2017975555179,1,48,29.18832871003857,2020-06-03 20:28:26,0
CUST1326,57.0,Male,North,Graduate,Salaried,618220.1733212245,114140.47240041709,Business,764.4290239294685,1,33,56.3526724382756,2019-09-19 22:28:17,0
CUST1327,44.0,Male,South,Post-Graduate,Salaried,961306.9342918667,376608.19719865744,Home,631.6961193748524,1,43,30.047612429815867,2022-02-24 02:36:38,0
CUST1328,49.0,Female,West,Graduate,Salaried,427961.4609155003,424540.10562510195,Business,686.1175669251037,0,35,33.21156558525989,2017-09-30 21:28:42,0
CUST1329,51.0,Male,East,Secondary,Self-Employed,1058953.7183095568,376677.9825372387,Education,729.0188080820246,1,40,8.576731001892409,2024-04-28 20:17:38,0
CUST1330,55.0,Female,North,Graduate,Salaried,675762.1058993187,451140.49436491093,Home,589.6886777156246,1,43,9.041422547487134,2019-07-29 03:59:12,0
CUST1331,53.0,Female,West,Secondary,Salaried,675565.8442444316,620536.7367431252,Car,577.522788694584,2,36,38.194679716565275,2016-03-19 01:21:45,0
CUST1332,41.0,Male,West,Post-Graduate,Self-Employed,481385.573113554,120037.0256233471,Business,592.1691839139069,0,29,8.799516951992034,2017-04-09 11:47:08,0
CUST1333,52.0,Male,South,Graduate,Salaried,662941.2615108937,151266.25501759496,Business,622.0563625435823,2,32,20.682401712116754,2023-08-30 03:20:34,0
CUST1334,43.0,Female,West,Graduate,Self-Employed,694610.1856466426,416035.6123468121,Home,580.3556515483077,2,42,7.170471491735725,2023-10-01 02:19:14,1
CUST1335,53.0,Female,South,Graduate,Salaried,787465.4583641754,478366.21729476796,Other,595.6137832031021,1,35,42.45445787532962,2023-12-20 06:25:28,0
CUST1336,23.0,Male,East,Graduate,Salaried,404335.5584816114,162006.90355714835,Business,720.4732135226596,1,42,2.927432274104503,2017-06-29 04:43:18,0
CUST1337,38.0,Female,South,Primary,Salaried,881356.1711576077,155386.1146807237,Education,642.2922694804566,3,45,44.21767669866651,2024-07-31 20:56:32,0
CUST1338,45.0,Male,North,Graduate,Self-Employed,672283.1047543959,164172.32314557885,Business,674.5358698927548,3,37,23.078465663622374,2020-02-12 06:34:46,0
CUST1339,62.0,Other,South,Secondary,Salaried,721645.7790614624,92683.24784467889,Car,605.942656950514,1,49,5.172822558732761,2017-03-04 06:50:18,1
CUST1340,51.0,Male,North,Graduate,Salaried,555811.547699048,113227.38027166907,Business,600.6907656654128,2,43,19.52408396957801,2015-09-20 16:05:55,0
CUST1341,23.0,Female,South,Post-Graduate,Unemployed,414371.4723441899,114877.82059771269,Other,672.8444711632318,0,42,8.299517755774641,2018-07-09 13:53:54,0
CUST1342,60.0,Female,West,Post-Graduate,Salaried,614544.9254806575,203524.34653812987,Business,660.0849862402724,3,31,9.769363671167197,2020-05-21 07:34:19,0
CUST1343,44.0,Female,East,Graduate,Salaried,637459.1099646436,285644.1000595197,Home,712.2389342646455,1,49,10.828412921626583,2022-02-13 03:12:50,0
CUST1344,52.0,Male,North,Graduate,Salaried,322914.34637710184,314923.08046394266,Business,754.1274398403194,2,38,1.6353191653987755,2017-01-31 00:34:53,0
CUST1345,,,South,Secondary,,,178950.16675292092,Other,,0,44,95.0,2021-06-12 08:57:43,0
CUST1346,43.0,Male,South,Graduate,Self-Employed,799304.9267793162,181608.35108292816,Home,718.8947630211024,1,42,1.0,2019-05-01 01:28:35,0
CUST1347,22.0,Male,South,Secondary,Salaried,454067.0752357746,261501.91800588623,Education,563.615506584547,1,39,27.154512601832348,2017-01-17 14:30:02,0
CUST1348,47.0,Male,West,Graduate,Salaried,395482.9299455817,98952.10911002701,Home,815.9022946242627,2,35,11.599650197842294,2021-03-22 17:30:42,0
CUST1349,62.0,Female,West,Secondary,Salaried,539407.7246251398,431776.9088977869,Car,587.0956757489337,1,42,25.962185918545444,2018-07-07 23:42:57,0
CUST1350,22.0,Male,North,Secondary,Self-Employed,604779.0193972599,525040.7551450764,Home,705.2504455805407,1,39,11.011052833937946,2023-08-17 16:21:20,0
CUST1351,46.0,Male,North,Graduate,Salaried,547165.7980169331,166816.82237477077,Education,563.0207729004268,3,33,28.002332530431524,2016-10-01 03:38:33,0
CUST1352,37.0,Female,West,Primary,Salaried,587816.4334458434,191173.81213368077,Business,637.8327291082561,2,43,32.66264686410149,2017-04-18 06:11:12,0
CUST1353,60.0,Female,North,Graduate,Salaried,644295.5395351832,511952.6068069613,Home,773.6586513722813,1,46,29.324182084744628,2018-08-15 19:43:46,0
CUST1354,53.0,Female,East,Secondary,Salaried,326346.2122548742,225521.10947499558,Home,584.5836678411142,3,45,3.0248854716675733,2024-04-03 21:38:35,1
CUST1355,29.0,Other,East,Primary,Salaried,349340.874539347,345568.8806944716,Home,826.3348934308979,2,41,26.742840275552204,2022-01-27 03:28:23,0
CUST1356,63.0,Male,West,Graduate,Salaried,150000.0,229720.0709240631,Home,649.5779522312763,0,35,8.212169367417086,2024-02-09 02:46:17,1
CUST1357,59.0,Male,North,Primary,Self-Employed,788509.0456906944,617716.2157051996,Education,728.0570030386133,0,39,1.0,2015-06-13 21:37:35,0
CUST1358,49.0,Female,South,Secondary,Salaried,603045.4041234899,325802.86763932597,Other,682.2355658802883,1,43,13.396350596757737,2018-12-14 13:57:00,0
CUST1359,62.0,Female,East,Graduate,Unemployed,809570.2262930314,337254.6166743392,Other,686.5632052477093,1,37,14.208857188961671,2024-08-23 15:34:56,1
CUST1360,46.0,Male,West,Primary,Unemployed,372452.40083772154,341049.8465811771,Home,535.9109026285516,1,29,15.739015310543078,2017-02-19 20:10:24,0
CUST1361,55.0,Female,North,Post-Graduate,Salaried,604881.4679066325,174021.08659877817,Education,612.1717765617564,1,40,30.504601267157067,2024-07-19 17:52:32,1
CUST1362,45.0,Male,West,Primary,Salaried,642965.3012233203,183883.28558364397,Education,745.6781169986963,1,40,9.234736119586561,2015-01-30 03:51:34,0
CUST1363,44.0,Male,South,Secondary,Salaried,487643.501033997,385211.3346112275,Home,622.4543038584002,1,29,9.468650819304846,2022-11-27 20:55:31,0
CUST1364,33.0,Male,East,Graduate,Self-Employed,289314.44030664145,261933.9620321806,Car,661.1065666174251,3,35,1.561577075184435,2015-06-02 15:17:47,0
CUST1365,27.0,Female,West,Secondary,Salaried,949174.2672270314,119782.56206104971,Home,526.206229730468,1,34,29.0245264149728,2022-10-19 16:04:59,1
CUST1366,56.0,Female,West,Secondary,Salaried,879856.6682540101,747031.5170878145,Car,606.9938447199405,2,50,20.973180138534865,2018-10-24 03:38:55,1
CUST1367,40.0,Male,West,Secondary,Salaried,523613.54565492703,436630.73653444176,Home,739.8431438105172,0,51,10.747471624281745,2022-09-23 23:22:30,0
CUST1368,,,South,Secondary,,,248345.39905377495,Car,,0,31,30.535518360446005,2018-02-16 16:55:41,0
CUST1369,28.0,Male,West,Post-Graduate,Self-Employed,503041.8647286214,206055.20780504876,Car,707.3663229596931,0,30,19.27003000200487,2018-11-09 03:30:46,0
CUST1370,36.0,Male,South,Secondary,Salaried,400919.2793950505,273540.648860219,Home,664.2222510867988,3,41,15.836366395654819,2020-11-18 15:13:39,1
CUST1371,34.0,Female,South,Graduate,Self-Employed,965452.3009914027,331211.37956549093,Car,631.1235611181457,2,42,17.901417457862852,2022-07-11 16:38:57,0
CUST1372,32.0,Female,South,Post-Graduate,Salaried,268926.2237188397,71696.6683225444,Business,627.6060366142394,1,41,25.28895642681515,2018-08-13 16:57:53,0
CUST1373,43.0,Female,East,Graduate,Salaried,542899.260605777,862344.2446710784,Other,610.717624153761,0,38,26.97043304786999,2020-12-29 02:48:08,0
CUST1374,,,East,Post-Graduate,,,151156.2598998964,Education,,0,30,8.525588120888743,2017-06-11 00:32:36,0
CUST1375,48.0,Female,West,Secondary,Salaried,930247.3157374572,242524.16168401943,Car,724.3792179848925,2,38,3.7921909889796415,2016-01-30 00:13:28,0
CUST1376,54.0,Female,West,Post-Graduate,Salaried,779317.7308472036,247934.5625557541,Car,615.4364948604181,2,37,4.258861658578036,2021-02-11 07:13:02,1
CUST1377,22.0,Male,East,Primary,Salaried,265550.04508653627,804607.7183358996,Education,794.6072257753846,0,44,25.49901734302255,2024-10-31 05:43:52,0
CUST1378,52.0,Male,North,Graduate,Self-Employed,599449.9517931635,230297.1465056116,Car,673.9626002434569,2,38,51.564273501998805,2016-03-09 13:57:43,1
CUST1379,43.0,Male,East,Graduate,Self-Employed,604212.0396728719,629766.4885805674,Education,603.8990456777382,2,42,13.1694835204207,2022-03-01 10:28:45,0
CUST1380,42.0,Male,South,Secondary,Self-Employed,554332.3329401115,309909.7737495877,Home,727.8692761988491,1,38,4.643790628838641,2022-06-11 17:47:47,0
CUST1381,45.0,Female,East,Graduate,Self-Employed,723961.8215060602,136334.82432639188,Business,699.9116754461261,1,38,35.32648406575844,2022-10-29 06:39:43,0
CUST1382,42.0,Male,South,Graduate,Salaried,318178.6144488046,263240.7998011031,Business,517.6658847817873,2,45,44.667727260111164,2015-02-11 16:35:47,0
CUST1383,42.0,Male,West,Primary,Salaried,518272.81749266596,226136.65574922657,Other,567.242291438597,3,36,53.12822615738403,2016-05-24 00:35:17,1
CUST1384,62.0,Male,North,Secondary,Salaried,695763.7496426151,126697.50945067979,Car,640.766375903807,3,39,23.337920625426143,2024-10-30 02:09:06,0
CUST1385,26.0,Female,West,Graduate,Salaried,735915.1370321282,300930.2115953041,Other,523.3113652463842,2,49,49.283260998721026,2024-07-06 22:21:34,0
CUST1386,35.0,Male,South,Graduate,Salaried,629883.8947018394,246043.01316886608,Home,817.242392157729,2,42,1.0,2016-12-20 05:31:14,0
CUST1387,63.0,Female,South,Post-Graduate,Unemployed,542321.5599399402,339033.1005292403,Business,715.7785745631473,2,38,2.835819717686012,2019-02-16 12:24:57,0
CUST1388,57.0,Male,South,Graduate,Salaried,576011.7452747055,272668.39560845896,Home,648.9333722370831,2,42,2.428638419983622,2018-06-03 23:42:53,1
CUST1389,53.0,Male,North,Post-Graduate,Salaried,748081.4244754474,164281.7567738896,Home,622.583475710939,4,42,31.172415104977556,2016-08-13 12:02:31,0
CUST1390,28.0,Female,East,Graduate,Salaried,606780.156825092,385000.6861107545,Car,602.0269076512801,0,36,1.803027470073729,2023-04-15 03:51:54,0
CUST1391,64.0,Female,West,Secondary,Salaried,391630.49091189425,166935.206627633,Home,492.87742736232724,1,56,17.147555840398653,2022-04-12 17:08:47,0
CUST1392,64.0,Male,West,Secondary,Unemployed,353300.4832110193,37805.03925437588,Business,511.37010786834963,1,44,15.999967886878494,2023-01-14 22:51:43,0
CUST1393,25.0,Female,East,Graduate,Salaried,302072.51571277814,262286.25660533766,Other,802.0896585014086,0,43,9.30209502239046,2021-01-21 00:52:15,0
CUST1394,59.0,Female,West,Graduate,Salaried,891116.1636978707,174129.7105937738,Business,775.8879711386068,1,36,51.08355968470497,2018-08-19 22:11:11,0
CUST1395,24.0,Male,North,Primary,Self-Employed,761492.367122489,305369.6541758428,Car,603.9377796060768,3,34,4.6712911105063455,2022-11-07 10:50:14,0
CUST1396,26.0,Female,West,Secondary,Salaried,578702.4233638906,805584.2274548683,Business,722.6399324945966,2,33,10.864475280720667,2018-06-15 16:19:56,0
CUST1397,52.0,Female,South,Post-Graduate,Salaried,509241.50296718325,819659.1121277589,Education,690.5136619997625,0,59,37.19948543602442,2023-05-11 11:31:04,1
CUST1398,50.0,Female,East,Graduate,Salaried,485213.99840652844,219899.5756206869,Other,699.9430365319074,3,42,1.0,2020-03-10 00:15:30,0
CUST1399,55.0,Female,North,Graduate,Salaried,818647.421516442,147870.31184112915,Education,535.9857788399436,3,46,27.94108595958872,2023-03-27 21:43:53,0
CUST1400,60.0,Female,East,Graduate,Unemployed,980886.7016349481,344831.08559668966,Education,505.3457661975872,1,34,42.374585430521186,2023-06-15 02:14:46,1
CUST1401,36.0,Female,North,Secondary,Self-Employed,478921.4152144922,194437.22608445838,Car,744.6075487255912,4,55,67.30485394443168,2016-01-24 00:32:02,0
CUST1402,33.0,Female,South,Secondary,Salaried,827683.1041311419,307142.1391541553,Home,491.65613575705356,1,31,52.24672103589466,2018-07-25 04:22:52,1
CUST1403,62.0,Female,East,Secondary,Self-Employed,605602.5830717778,163322.74334670528,Education,638.1445166893988,3,40,9.618929504539738,2024-07-08 22:27:13,1
CUST1404,,,West,Primary,,,282212.4541030579,Business,,2,32,22.06923151542553,2015-05-30 22:18:39,0
CUST1405,39.0,Female,North,Graduate,Salaried,900842.8565659847,149166.0671066224,Home,613.1879230658873,3,37,2.0111018113985892,2021-01-01 11:25:15,0
CUST1406,37.0,Female,East,Graduate,Salaried,597966.8558514446,494129.0760637665,Business,675.1560657832525,1,43,7.455771344634322,2022-11-30 05:30:24,0
CUST1407,39.0,Male,West,Post-Graduate,Salaried,659272.8878509272,170418.65848741258,Business,595.7926056177239,1,46,2.4740363555853,2018-01-02 02:25:09,0
CUST1408,48.0,Female,East,Post-Graduate,Salaried,649654.7865822891,361010.2107138726,Home,681.6588369972038,0,46,9.46524735970293,2024-08-26 15:34:34,1
CUST1409,46.0,Female,East,Secondary,Self-Employed,274880.1266681097,113679.64387723478,Home,661.2924331752956,1,34,52.023509300872725,2017-02-06 03:21:09,0
CUST1410,57.0,Male,East,Graduate,Unemployed,657682.2297432123,387978.15441507933,Business,817.898588324034,4,48,10.660841988870018,2024-06-16 05:00:37,0
CUST1411,46.0,Female,North,Graduate,Salaried,487461.59511195344,135967.28148233937,Car,539.1672486545497,1,37,20.632593852832127,2018-11-09 20:08:34,0
CUST1412,43.0,Male,West,Post-Graduate,Salaried,1894616.2318252546,1419966.725588595,Other,900.0,2,34,14.201697268402905,2016-02-26 20:12:29,0
CUST1413,29.0,Male,South,Secondary,Salaried,496572.58391024754,448615.1104216097,Other,684.5076079902211,2,45,15.354542828630624,2016-07-31 15:31:45,1
CUST1414,32.0,Female,North,Graduate,Salaried,494922.2260726108,215347.92627210918,Car,629.4877955574163,1,39,87.30984363573471,2021-05-05 13:52:28,0
CUST1415,21.0,Male,North,Graduate,Salaried,805976.5078260662,130940.70335360956,Home,543.0339913689729,3,37,8.779909051166133,2020-10-28 05:14:29,0
CUST1416,21.0,Female,North,Secondary,Salaried,387242.07677959366,327121.6844247163,Business,750.5682224524155,1,26,24.676178234912822,2021-03-15 19:07:08,1
CUST1417,54.0,Female,South,Secondary,Self-Employed,442030.51219014905,146592.3905101158,Other,676.9547464115242,0,37,13.620880806966209,2017-08-21 20:59:53,0
CUST1418,52.0,Male,West,Graduate,Salaried,647077.6521096025,190508.6044950107,Business,548.6482629658725,5,47,1.5773872314982802,2022-10-13 09:59:16,0
CUST1419,45.0,Male,West,Graduate,Salaried,334841.2457291505,284724.57705695357,Car,685.0934370046608,1,38,16.80083296133889,2024-05-16 21:47:52,0
CUST1420,60.0,Male,West,Secondary,Salaried,468198.64835353324,549303.077370638,Business,786.1252856042286,1,36,41.96210834526897,2021-12-26 16:05:40,0
CUST1421,21.0,Female,East,Graduate,Salaried,267104.6529333556,246700.91520004044,Car,647.0947253267263,1,45,2.5993971087166954,2024-05-25 07:46:20,1
CUST1422,36.0,Other,East,Secondary,Salaried,784002.2920010792,246154.46045582052,Home,649.822986442355,1,44,1.8032978836087417,2019-07-19 20:37:29,0
CUST1423,59.0,Female,East,Graduate,Self-Employed,539727.3759119628,377946.4266710005,Car,775.4404024834655,1,50,4.170011477794929,2019-11-09 09:14:13,0
CUST1424,25.0,Male,South,Secondary,Salaried,596816.4309995516,250251.86207371711,Car,572.3692814598998,0,41,36.14050749986853,2016-11-03 04:27:47,0
CUST1425,42.0,Female,East,Post-Graduate,Self-Employed,783202.0639582181,355513.36409140355,Other,788.2041634096545,2,40,32.18344223228913,2023-12-27 14:35:37,1
CUST1426,49.0,Male,South,Secondary,Salaried,455546.22326922265,463758.92019367474,Business,727.8328856294589,2,34,20.811252419694547,2024-01-09 10:50:39,0
CUST1427,23.0,Female,West,Secondary,Salaried,537602.5982703991,199457.74928279014,Other,576.0624828815987,1,39,15.788436295611993,2018-03-05 17:16:32,1
CUST1428,32.0,Male,East,Primary,Salaried,388734.4001388517,34029.8588491946,Education,596.5384800124708,3,35,54.80424267676292,2017-05-03 23:50:11,0
CUST1429,46.0,Female,East,Secondary,Self-Employed,388299.25580083753,148634.2313639706,Car,608.0149733054168,1,53,36.38551930594467,2017-02-01 22:05:21,0
CUST1430,36.0,Male,North,Graduate,Salaried,415883.4211988242,501424.9411562427,Education,503.3148628810328,0,48,41.77515473484678,2017-04-08 03:44:54,1
CUST1431,57.0,Female,South,Secondary,Self-Employed,501501.9218332669,237932.22213760967,Other,670.8377399256705,3,37,41.95125819562534,2018-01-31 20:23:09,0
CUST1432,42.0,Male,West,Post-Graduate,Salaried,523040.8931653869,198098.9312051692,Business,579.6842397401717,3,33,25.73068818169012,2019-12-02 07:38:53,0
CUST1433,,,North,Primary,,,488977.12876522087,Other,,0,35,15.312906500981413,2018-12-12 05:41:27,0
CUST1434,34.0,Female,North,Secondary,Salaried,421756.6103916201,228480.24952970303,Business,546.7245399739827,1,40,50.0024081765325,2017-10-27 10:11:53,0
CUST1435,48.0,Male,West,Secondary,Self-Employed,663926.5351834953,69180.89893486598,Business,723.84105895156,2,28,65.09476071709713,2018-07-18 02:56:06,0
CUST1436,25.0,Female,North,Primary,Salaried,697000.2583046455,98402.23177220613,Home,709.0100744104402,1,49,1.0,2020-01-24 20:23:17,0
CUST1437,50.0,Female,South,Secondary,Unemployed,506435.5634335468,312134.296752882,Car,593.5296788751828,0,60,1.3232835989957672,2018-09-28 07:07:00,0
CUST1438,25.0,Male,South,Graduate,Salaried,439055.0855163238,233249.84053486085,Other,678.7719326305693,0,30,79.69854200534027,2018-11-24 11:30:54,1
CUST1439,32.0,Male,East,Graduate,Salaried,617015.806395998,581167.2657729787,Business,656.6336447447663,2,41,8.114205766606188,2018-03-23 21:51:27,0
CUST1440,36.0,Female,North,Graduate,Salaried,559416.507397911,156379.1505522442,Other,768.5839588922329,3,39,51.66203513570204,2024-02-03 04:51:22,0
CUST1441,46.0,Male,East,Graduate,Self-Employed,644070.3658547091,201652.166235996,Other,567.4016825684103,0,39,12.308076379231116,2017-08-19 16:31:53,1
CUST1442,46.0,Female,North,Graduate,Salaried,913973.2872519934,142813.97041839818,Business,637.8161617204682,0,47,3.1702808066170354,2022-12-30 04:33:17,0
CUST1443,41.0,Male,South,Primary,Self-Employed,613727.409685543,177662.94972555467,Education,598.7453090633782,1,42,2.096586609267682,2024-06-07 20:30:02,0
CUST1444,59.0,Female,South,Graduate,Salaried,472153.8877439736,78030.7032202203,Car,653.5854557680134,3,41,4.255118542195168,2020-06-10 11:50:25,0
CUST1445,56.0,Male,South,Post-Graduate,Salaried,421822.0776115883,192642.07290753245,Car,692.6618882226875,0,55,7.188491893678981,2021-06-21 08:43:57,0
CUST1446,,,North,Graduate,,,235361.68186569083,Home,,5,37,16.761089419924012,2020-11-20 05:53:28,0
CUST1447,50.0,Other,South,Graduate,Unemployed,307446.73857777583,223731.39783662316,Home,620.871502288863,1,35,30.224457822343915,2023-08-19 16:36:23,0
CUST1448,57.0,Female,North,Secondary,Self-Employed,786548.7216691158,881810.058162431,Home,727.283263844589,1,42,95.0,2019-10-16 01:44:43,0
CUST1449,43.0,Female,East,Graduate,Unemployed,153344.23612884711,729482.5646923619,Car,758.5859729541154,3,35,14.56281836186145,2016-08-03 16:24:05,0
CUST1450,30.0,Male,North,Graduate,Salaried,697620.9635438612,154733.61700141418,Education,689.4812828162303,1,36,18.254873409241437,2023-02-12 14:21:50,0
CUST1451,25.0,Female,East,Graduate,Self-Employed,426387.21866495383,71227.76528184938,Car,638.9629521005472,0,46,18.443976471021926,2023-08-16 21:24:33,0
CUST1452,,,North,Post-Graduate,,,228771.68769541522,Car,,1,47,19.382497073283446,2018-01-11 06:39:37,0
CUST1453,,Male,East,Secondary,Salaried,,304341.6149626639,Car,,1,32,18.231831345794642,2015-07-15 07:29:15,0
CUST1454,51.0,Male,South,Primary,Self-Employed,889172.9319284062,144887.02154941874,Car,668.2213601123898,1,39,1.0,2022-07-24 15:30:54,0
CUST1455,30.0,Male,East,Graduate,Unemployed,,149255.46091706786,Education,518.0819329686958,2,36,1.0,2022-07-08 10:10:21,0
CUST1456,39.0,Female,South,Post-Graduate,Self-Employed,758075.7050085705,627521.3551920239,Home,695.7908185846322,1,46,2.569272294254482,2019-05-10 03:16:32,1
CUST1457,52.0,Female,South,Secondary,Self-Employed,860105.3717192012,208036.5485255763,Other,581.1544168461951,0,35,2.677289310955195,2022-08-21 01:39:02,1
CUST1458,21.0,Male,East,Secondary,Salaried,632681.0948044808,361258.884333626,Home,536.6450873219478,2,32,30.51076306298668,2016-01-12 17:50:20,1
CUST1459,25.0,Male,North,Primary,Salaried,360875.24582895753,138942.65614699037,Home,516.5324089513019,1,42,5.732688760710488,2022-09-05 00:14:36,0
CUST1460,24.0,Other,North,Secondary,Unemployed,555871.4499768455,234646.57496625872,Other,632.7116503053345,2,43,56.2768954277625,2024-01-20 15:54:06,0
CUST1461,36.0,Male,West,Graduate,Salaried,451550.3972867595,198431.05480509065,Car,568.6780510253918,2,37,65.98865157760723,2023-11-16 14:22:53,0
CUST1462,44.0,Male,North,Graduate,Self-Employed,499299.1676225402,161906.78651300183,Education,463.8910752208642,1,37,93.13167602080134,2018-12-22 01:08:23,0
CUST1463,36.0,Male,West,Secondary,Self-Employed,581075.2414701423,485619.29239014623,Education,621.3235594530552,1,38,69.95537927166151,2015-02-05 12:55:08,0
CUST1464,22.0,Female,North,Secondary,Self-Employed,573168.8715815472,105521.9000977029,Home,610.7543332091308,0,30,7.9325209648141115,2021-08-12 08:38:41,0
CUST1465,48.0,Female,North,Primary,Unemployed,682421.8322040573,290696.2234710066,Other,638.0079108273296,2,48,17.822364314419666,2019-08-16 09:55:56,0
CUST1466,52.0,Male,South,Secondary,Salaried,711460.8587560974,196207.2949678244,Business,599.6881636766099,1,28,4.823088094863492,2015-02-20 21:30:58,0
CUST1467,47.0,Male,West,Graduate,Salaried,573170.9647467085,311419.04295365745,Car,796.3463730821823,4,34,41.02446002644339,2021-06-11 18:43:24,1
CUST1468,40.0,Female,North,Post-Graduate,Salaried,680693.7836215835,197808.3715673028,Home,691.3869835746913,1,28,54.8279591417795,2015-05-13 05:24:02,0
CUST1469,44.0,Female,West,Post-Graduate,Salaried,490128.02901291166,408528.0419829997,Education,610.0309341102818,3,34,47.64373432928066,2024-08-29 08:54:27,1
CUST1470,32.0,Male,South,Primary,Salaried,862955.9651193006,138161.4822199518,Other,644.909853004211,1,32,14.201084014880541,2016-08-17 04:07:52,0
CUST1471,55.0,Female,South,Post-Graduate,Salaried,486897.7423564707,486276.1323073876,Other,763.1714133996278,2,41,35.54015211587342,2019-12-01 07:24:21,1
CUST1472,,,West,Graduate,,,238641.6618963499,Home,,2,47,2.566857878628219,2021-01-08 13:26:16,0
CUST1473,53.0,Male,South,Graduate,Unemployed,304786.5816456556,109414.4760677968,Business,538.3030548499974,4,43,1.0269249106382583,2022-07-08 01:28:06,1
CUST1474,63.0,Female,East,Graduate,Salaried,523918.5485178308,365174.01542477583,Education,572.0567551338696,1,55,34.98311359146048,2022-07-04 22:27:10,0
CUST1475,57.0,Male,East,Secondary,Salaried,533804.3652772789,215494.38960886037,Home,587.4522500781328,0,48,13.85008243854596,2022-06-26 11:18:23,0
CUST1476,32.0,Female,South,Secondary,Unemployed,655798.3589496948,87142.2608456797,Business,614.8240039251353,3,40,95.0,2021-12-28 14:00:25,0
CUST1477,23.0,Male,East,Primary,Salaried,772363.3606437647,296404.6469515384,Other,602.3661437699166,6,39,2.55785722124777,2017-11-20 20:46:50,0
CUST1478,21.0,Male,North,Secondary,Salaried,350120.95938809443,444167.68061708414,Car,652.7207403888862,1,42,48.38399428206957,2020-05-19 16:19:59,1
CUST1479,53.0,Other,West,Secondary,Salaried,378403.39159141853,524018.0683098635,Education,708.857704881511,0,47,16.34734754116334,2017-06-01 06:17:40,1
CUST1480,60.0,Male,North,Graduate,Salaried,319618.3864567524,193491.5014708435,Education,722.2128231505989,1,38,43.88330609190115,2018-03-24 01:16:30,0
CUST1481,30.0,Female,West,Graduate,Salaried,864036.8394396835,264922.02945300547,Business,623.8562125680568,1,42,42.474122477975136,2023-07-09 22:29:42,0
CUST1482,63.0,Male,South,Graduate,Unemployed,659520.9885594244,250276.5550605286,Home,519.2245184996483,0,33,61.921081569802695,2023-02-11 11:24:15,0
CUST1483,64.0,Male,North,Primary,Salaried,383125.75830857543,593552.8748433173,Other,566.7672046502606,1,43,8.840205966039571,2020-08-10 19:46:32,1
CUST1484,49.0,Male,South,Post-Graduate,Salaried,511381.0252087859,149299.08435318308,Business,608.4180168295976,1,36,74.79318432811058,2021-12-03 03:49:00,0
CUST1485,33.0,Female,South,Post-Graduate,Salaried,836352.2791322989,183726.64899075558,Car,550.3972432598914,4,41,4.112049621581783,2019-03-29 14:59:39,0
CUST1486,32.0,Male,West,Graduate,Salaried,,147144.12304473104,Car,741.2687189361291,4,44,2.1380969400988,2018-05-14 00:23:46,0
CUST1487,51.0,Female,West,Post-Graduate,Self-Employed,532562.3724417654,101773.97337643766,Car,555.6367153135418,2,30,14.123929580598624,2017-11-26 12:33:10,0
CUST1488,22.0,Male,West,Graduate,Self-Employed,443740.6586353883,281720.9465165307,Business,699.3650435788162,0,39,44.05350729913709,2016-11-19 20:28:27,0
CUST1489,55.0,Female,North,Post-Graduate,Self-Employed,395001.53723624744,634618.3027214876,Other,515.4495715981969,1,34,16.033853981505917,2018-09-13 04:38:17,0
CUST1490,43.0,Male,East,Primary,Salaried,836664.7620886313,215541.62490617478,Education,702.5760881036842,1,30,44.194240153147895,2016-06-09 07:04:08,0
CUST1491,37.0,Female,West,Secondary,Unemployed,934780.317748412,143037.4877628777,Home,638.8585034665931,2,43,32.704350342486016,2021-08-08 18:28:17,0
CUST1492,46.0,Female,West,Secondary,Self-Employed,402961.11944253044,271608.1879596875,Education,771.002456184204,0,48,5.874975832907263,2021-08-17 09:38:46,0
CUST1493,28.0,Female,North,Secondary,Self-Employed,880988.465843624,345749.8816624461,Other,559.4749914762936,5,32,74.34028138503236,2019-03-08 09:33:50,0
CUST1494,,,West,Secondary,,,221058.38199551924,Education,,2,43,1.5676694918033858,2016-06-23 11:22:36,0
CUST1495,46.0,Female,North,Graduate,Salaried,706729.5990737774,563611.9147234092,Business,620.3653918871648,2,41,57.13821158305489,2017-07-26 22:07:13,0
CUST1496,,,South,Graduate,,,149131.36837404314,Car,,1,43,9.076074026530932,2022-01-18 02:36:46,0
CUST1497,46.0,Male,West,Graduate,Self-Employed,570984.6808592735,204396.74613751483,Other,622.3215335278007,1,42,17.336084768866307,2021-03-28 09:42:26,1
CUST1498,54.0,Male,West,Secondary,Salaried,534411.6159465282,289987.3971473609,Other,623.8657147272811,0,35,13.719759299703485,2024-12-29 22:55:57,1
CUST1499,61.0,Female,South,Post-Graduate,Salaried,760216.1927576371,307361.00616560364,Education,622.5549965291469,3,50,4.7135583517379445,2023-03-25 06:02:35,1
CUST1500,27.0,Female,South,Graduate,Self-Employed,378009.4325927502,249780.26126048013,Business,484.3056093935627,4,46,11.084894133204648,2019-08-14 01:02:21,1
CUST1501,24.0,Female,South,Secondary,Self-Employed,829412.2755680861,112752.2312567211,Education,729.4667601286214,2,27,5.358759256527501,2024-11-19 08:23:38,0
CUST1502,,,West,Graduate,,,987376.6361380884,Education,,1,46,5.700337113466439,2024-12-20 06:10:54,0
CUST1503,49.0,Male,East,Secondary,Salaried,484449.8983691646,210747.9294142328,Other,673.8616883680791,3,31,5.17735202224033,2019-10-06 07:52:24,0
CUST1504,56.0,Male,East,Secondary,Self-Employed,479166.4793368291,259408.8094478548,Education,559.1399321713365,1,37,16.785492544420443,2015-07-04 05:51:20,1
CUST1505,45.0,Female,East,Post-Graduate,Salaried,323307.4976343268,351532.22196013376,Car,567.236909532137,2,41,39.9786968623113,2017-04-04 05:22:10,0
CUST1506,41.0,Male,West,Secondary,Salaried,492765.56667520205,165726.9415295796,Education,699.0539201513254,1,50,21.039441601479894,2024-04-08 18:08:29,0
CUST1507,,,South,Graduate,,,251237.96897252975,Car,,0,47,55.92147612274842,2023-07-26 07:52:55,0
CUST1508,30.0,Male,West,Post-Graduate,Salaried,387741.2936577037,161730.37202700868,Other,627.2567911557329,0,35,25.30245947452035,2020-02-25 23:10:55,0
CUST1509,57.0,Male,South,Graduate,Salaried,590907.0047741991,311554.7751360808,Business,710.2723496703348,3,43,29.226414615959673,2020-11-05 01:16:37,0
CUST1510,29.0,Female,West,Primary,Self-Employed,694583.4169050992,205743.68199335685,Car,484.8891962596407,2,39,27.535949157965433,2016-08-14 12:02:07,1
CUST1511,44.0,Male,West,Secondary,Salaried,557305.5728001163,285281.3360509113,Business,710.3249701784899,0,39,14.921354968582529,2016-04-21 12:33:57,0
CUST1512,55.0,Female,South,Primary,Self-Employed,732545.1653038533,129583.09208841754,Business,669.0208931675915,3,41,29.226310528668865,2017-12-21 01:11:31,1
CUST1513,55.0,Male,East,Graduate,Salaried,438572.0034041328,147657.41995686822,Car,570.3241607373415,1,39,1.8064122773182276,2017-04-29 17:21:53,0
CUST1514,56.0,Male,South,Graduate,Salaried,800676.552843988,107035.47428647197,Other,535.3340857295452,1,38,49.12631259642986,2023-01-15 16:52:54,0
CUST1515,38.0,Male,North,Secondary,Salaried,3746177.6469298294,792636.3852173112,Home,900.0,1,39,37.605801355818755,2019-06-06 17:14:18,1
CUST1516,59.0,Male,North,Post-Graduate,Salaried,909051.4339509486,51838.34750995569,Business,762.5790509414211,1,49,7.03355391416162,2024-02-12 08:53:50,1
CUST1517,52.0,Male,South,Graduate,Salaried,1082843.4624477467,201942.8219351317,Business,631.7525414402372,2,49,36.528945153185674,2019-05-27 12:22:59,0
CUST1518,44.0,Male,West,Secondary,Salaried,505951.28153934376,176214.24534818073,Other,581.7851987013728,0,36,1.0,2018-07-27 03:30:20,0
CUST1519,43.0,Female,North,Graduate,Salaried,514187.2246197084,265812.5335399716,Other,665.3030608109002,0,43,6.12343849920162,2021-03-14 23:12:08,0
CUST1520,52.0,Male,North,Graduate,Salaried,550751.5756102565,249387.8601101381,Education,795.6697448098779,1,32,1.6838884948437778,2016-11-07 06:38:12,0
CUST1521,57.0,Female,West,Primary,Salaried,719140.4500351029,516199.1197878624,Other,684.5039850450974,1,42,37.878992602536535,2022-03-07 09:01:38,0
CUST1522,32.0,Female,West,Secondary,Unemployed,865193.994095018,1151511.644742641,Business,693.1521590567527,1,34,35.25178531988713,2016-03-23 07:50:26,1
CUST1523,33.0,Female,East,Post-Graduate,Salaried,469438.30316603935,480471.6035283564,Car,747.8238908776445,1,35,42.001341403683604,2021-04-26 14:55:20,0
CUST1524,43.0,Male,West,Graduate,Self-Employed,676248.8532956146,185004.5033829911,Home,687.8045919507058,3,50,1.0,2019-07-07 02:11:40,0
CUST1525,45.0,Male,South,Graduate,Self-Employed,572814.5420288466,180586.5693151783,Education,587.5224234271876,2,45,17.390391953788264,2023-01-23 15:49:30,0
CUST1526,55.0,Male,South,Graduate,Unemployed,723621.8205081177,408888.5178651338,Car,510.4348038481571,2,20,30.50562035226215,2019-11-01 03:09:51,1
CUST1527,61.0,Male,East,Primary,Self-Employed,901891.5386815381,88432.3545408045,Home,576.267750417739,0,41,4.2223368225407025,2020-09-06 15:51:15,1
CUST1528,50.0,Other,North,Secondary,Salaried,551934.352513397,200963.4328360666,Home,561.621895592186,0,34,26.230609544748756,2015-06-16 00:33:52,0
CUST1529,37.0,Male,North,Graduate,Self-Employed,266026.46666525386,210472.06994905215,Home,702.7446495609062,2,46,2.196477932125679,2022-11-30 16:59:40,0
CUST1530,40.0,Male,West,Secondary,Self-Employed,748780.3353760586,344716.93841792794,Car,713.8678441079286,0,45,5.001728625046322,2019-07-03 05:43:53,0
CUST1531,45.0,Female,South,Primary,Salaried,433458.95627890946,350922.1937629358,Education,664.045764937239,2,43,16.146897804394268,2018-08-11 02:21:40,0
CUST1532,42.0,Female,North,Post-Graduate,Salaried,571376.8526072444,155323.24496669028,Education,548.5046418525461,3,38,26.501512721447064,2022-08-18 09:12:45,0
CUST1533,33.0,Female,East,Post-Graduate,Salaried,757406.1673743228,189354.5387070452,Home,792.9277619141357,3,34,3.94177124520308,2020-05-13 21:40:15,1
CUST1534,39.0,Male,East,Graduate,Self-Employed,659478.9707062216,317128.5695784684,Car,616.703182892833,1,51,5.1210307213142805,2020-10-28 01:46:49,1
CUST1535,56.0,Male,South,Post-Graduate,Self-Employed,579655.994889391,150338.93735813154,Home,698.2784808241229,2,33,5.717925326730859,2024-03-08 05:15:10,0
CUST1536,32.0,Male,East,Secondary,Salaried,484823.6575083358,500654.2694255385,Other,653.9459869359647,1,39,6.818220941923421,2016-12-09 20:41:45,0
CUST1537,,Male,East,Post-Graduate,Salaried,,349935.853188515,Education,,3,35,6.4224807025950525,2019-04-17 18:40:25,0
CUST1538,39.0,Male,South,Secondary,Salaried,739664.1631512404,269118.1358526342,Business,695.4547202672318,2,46,12.569332791357635,2016-11-28 13:24:59,0
CUST1539,32.0,Male,West,Post-Graduate,Salaried,549409.6601548472,306988.12927606754,Home,594.3183870719239,1,42,26.51771857724613,2023-09-11 15:46:05,0
CUST1540,29.0,Male,West,Post-Graduate,Unemployed,902667.2556711452,183480.8588947173,Other,754.4321941012133,2,43,14.407749607692876,2019-03-16 00:52:24,0
CUST1541,27.0,Male,East,Graduate,Salaried,679605.6059923739,166745.69505573987,Education,523.6395666330181,0,37,37.39981887787708,2015-10-23 08:47:19,0
CUST1542,48.0,Male,West,Post-Graduate,Salaried,491774.92549303145,188182.3409278463,Car,566.9154955171292,1,45,31.75891509121888,2021-06-29 14:16:27,0
CUST1543,34.0,Female,West,Graduate,Salaried,813374.017675208,327741.3520140903,Education,753.3943499469666,0,30,3.3819490404015164,2024-09-28 14:31:47,0
CUST1544,51.0,Female,East,Secondary,Self-Employed,830225.8811916381,273924.82555135695,Car,697.2003808883577,0,30,1.2518673327658774,2018-01-28 18:59:03,0
CUST1545,39.0,Female,West,Graduate,Salaried,556193.6371295045,188409.17211176053,Car,850.0,2,26,52.58138413287816,2019-01-13 08:01:17,0
CUST1546,36.0,Male,East,Graduate,Self-Employed,838728.9731146456,380693.18690681655,Home,655.4680354922505,3,45,2.079950062363035,2016-11-18 02:31:43,0
CUST1547,25.0,Male,North,Primary,Salaried,488938.3889227906,218738.48144855775,Home,786.0343437167274,2,45,4.014173271293045,2021-03-02 00:49:35,0
CUST1548,55.0,Male,South,Graduate,Salaried,631929.5538815806,160173.60746691207,Education,501.4016973869277,2,35,1.0,2017-05-27 16:39:46,0
CUST1549,32.0,Female,South,Post-Graduate,Salaried,714281.6775437561,282831.02276153717,Other,536.9188021442244,0,45,24.744151038588193,2021-07-16 16:44:38,1
CUST1550,45.0,Female,West,Secondary,Salaried,756956.3168028379,132214.68646775305,Education,721.6420429933579,1,34,21.829018859421303,2023-06-01 19:18:58,0
CUST1551,41.0,Male,West,Graduate,Salaried,724304.369723178,88226.77347223058,Business,510.7705739508412,0,51,95.0,2018-06-01 02:57:46,1
CUST1552,56.0,Female,West,Post-Graduate,Unemployed,533468.5638873655,242059.11560351335,Car,634.2105914392408,1,33,54.49423441194189,2022-04-10 18:09:58,0
CUST1553,43.0,Male,South,Post-Graduate,Self-Employed,818739.5281382883,163660.87389634183,Car,743.3767266917727,3,39,13.226571965367814,2020-10-06 19:49:08,0
CUST1554,36.0,Male,North,Post-Graduate,Unemployed,575114.5353787163,208461.0283575585,Home,690.0937011590935,1,45,11.61389602221158,2016-11-28 12:03:31,0
CUST1555,59.0,Female,North,Graduate,Salaried,486194.5275449613,135938.8252405107,Other,650.8876176255663,0,46,8.804698294135017,2015-02-09 12:20:57,0
CUST1556,62.0,Female,South,Post-Graduate,Unemployed,489132.4065373338,501500.199314903,Home,614.0714024936548,1,42,4.133865422360576,2020-11-08 03:47:17,1
CUST1557,59.0,Female,North,Graduate,Salaried,987997.678295267,163260.82489572628,Business,666.1780699673571,0,32,3.7149265612582036,2023-08-31 11:45:50,1
CUST1558,34.0,Female,South,Secondary,Salaried,451603.31438161107,187362.47209398085,Education,696.1798697900424,0,35,3.5472617573837724,2017-05-12 06:29:24,1
CUST1559,51.0,Male,North,Graduate,Salaried,858327.0453520893,304592.4585344733,Education,597.1284530411053,1,44,3.029196488750768,2017-05-12 23:33:08,0
CUST1560,25.0,Female,East,Graduate,Salaried,372906.660837966,106301.1540709608,Other,679.7388822409638,0,49,6.877770319345965,2020-07-27 18:32:18,0
CUST1561,55.0,Male,East,Secondary,Self-Employed,697581.0890148373,101688.56488616497,Home,736.2744595358969,2,46,9.156180678531829,2020-12-04 09:31:13,0
CUST1562,43.0,Female,South,Graduate,Salaried,659416.690298167,305153.9558203961,Home,632.2017493360113,0,37,81.47875850219256,2019-09-25 18:42:13,0
CUST1563,49.0,Male,North,Graduate,Salaried,924245.3759452456,185912.50182600378,Business,655.4498280112522,4,33,21.596801052777014,2020-01-17 15:39:12,0
CUST1564,63.0,Female,West,Secondary,Self-Employed,469119.620966297,141365.34759019926,Education,688.7023067202222,1,41,95.0,2019-03-15 01:51:09,1
CUST1565,31.0,Male,North,Graduate,Salaried,413867.1564079226,348719.761774147,Home,694.1067372871795,3,31,11.648973414389724,2021-07-03 06:33:10,1
CUST1566,38.0,Female,East,Graduate,Salaried,576697.9243306036,149170.76530182612,Other,720.2762858398752,0,45,15.295016123579408,2023-09-29 06:27:10,0
CUST1567,32.0,Male,East,Graduate,Salaried,932960.3658480905,205930.21335826328,Education,568.850003521444,3,27,9.810464355068962,2023-12-15 10:48:36,0
CUST1568,29.0,Female,North,Primary,Self-Employed,423168.3040112464,141821.10511658885,Business,607.6861998091752,1,50,5.049466984345988,2022-11-23 22:17:23,0
CUST1569,30.0,Male,North,Primary,Self-Employed,150000.0,291286.4166488362,Other,610.6497046360276,2,51,3.8627392490281958,2023-02-15 13:13:28,0
CUST1570,64.0,Male,West,Secondary,Salaried,611953.5674746565,539957.5021007643,Car,577.6870267869858,3,47,72.54657729077478,2016-06-22 09:58:49,0
CUST1571,37.0,Male,West,Post-Graduate,Salaried,789904.5835922018,79489.1682077628,Business,506.12688629137483,2,36,95.0,2021-09-13 02:13:36,1
CUST1572,58.0,Male,North,Secondary,Salaried,397238.8134720274,259781.0950501136,Other,389.64168469618335,0,37,1.148729373448272,2017-12-06 10:26:54,0
CUST1573,27.0,Female,North,Graduate,Self-Employed,769586.4346706527,405936.92327881476,Home,745.6362169402385,1,33,4.073148093946024,2018-08-30 12:10:27,0
CUST1574,33.0,Male,North,Secondary,Salaried,392817.8029975087,188549.02876825913,Car,525.6885596441966,2,39,13.770543269529526,2019-07-08 18:23:11,0
CUST1575,60.0,Other,North,Secondary,Salaried,570688.2928616642,123176.62444388098,Business,775.3207301364727,2,42,5.155116825463913,2017-04-25 19:21:09,0
CUST1576,62.0,Male,South,Post-Graduate,Salaried,750536.4630572115,312568.24748809455,Home,709.152759089317,1,45,11.309216824701346,2024-10-03 13:15:02,1
CUST1577,,Male,North,Graduate,Salaried,,442852.5290299221,Car,,0,41,3.4555982016084874,2024-02-10 01:24:28,0
CUST1578,47.0,Female,West,Primary,Salaried,636302.6663015109,414286.6094279795,Education,699.3137683851787,2,35,15.243680103941779,2016-01-26 00:59:12,1
CUST1579,22.0,Female,East,Graduate,Self-Employed,842994.7022584474,302411.99930718326,Home,684.0106597370977,3,45,7.925870886499553,2017-03-16 06:54:44,0
CUST1580,25.0,Male,South,Primary,Salaried,694786.8198422702,257493.11028808163,Other,561.8580509648181,5,38,10.84295186179378,2021-08-13 01:14:09,0
CUST1581,49.0,Female,North,Graduate,Salaried,455874.78848184645,141576.07254616587,Business,648.8017781096296,1,32,2.4765280602779227,2021-03-23 11:22:09,0
CUST1582,57.0,Female,East,Graduate,Self-Employed,903743.6705433588,408050.80602562433,Car,571.6128981966806,1,47,13.971004438542284,2019-06-28 20:38:50,0
CUST1583,58.0,Male,South,Secondary,Self-Employed,731678.502384498,394736.64026508044,Home,702.3302401736873,1,48,95.0,2022-08-04 15:18:18,0
CUST1584,39.0,Other,East,Secondary,Salaried,227910.4000151386,122659.1940806788,Education,592.782323856049,1,37,9.96843401403741,2023-04-09 01:06:57,0
CUST1585,28.0,Other,North,Secondary,Salaried,772848.7229468452,302152.71178370033,Business,642.2696371042662,4,42,52.27354033720748,2021-10-29 09:06:16,0
CUST1586,21.0,Female,North,Post-Graduate,Salaried,485725.14951654465,359221.4484370226,Business,638.81608647914,1,42,46.319467418551774,2023-12-07 17:55:37,0
CUST1587,42.0,Male,West,Post-Graduate,Unemployed,639312.7095284929,412201.7789794057,Home,659.7263200431506,3,41,75.94430142842484,2017-04-12 00:04:18,1
CUST1588,37.0,Female,North,Primary,Salaried,801600.800858652,232119.18066870916,Education,783.0044064891217,0,52,39.02923428181155,2015-06-17 15:25:23,1
CUST1589,,,North,Graduate,,,145140.78124430467,Car,,1,37,26.940614027813453,2020-12-24 20:21:02,0
CUST1590,45.0,Male,South,Secondary,Self-Employed,270881.4771916372,179643.62245554806,Home,747.4341713579612,1,42,48.55022196273196,2018-11-24 12:36:35,1
CUST1591,24.0,Male,West,Secondary,Salaried,901109.0383811656,132673.97538549016,Car,688.399759546803,1,38,1.9664684128926297,2023-05-15 00:39:43,0
CUST1592,56.0,Male,South,Graduate,Salaried,832916.6942403896,235475.8409392391,Business,763.4722036829266,1,38,15.53604711156637,2016-08-01 16:18:06,0
CUST1593,26.0,Female,East,Post-Graduate,Salaried,582548.7973634108,209372.1903104783,Car,622.9251372148144,3,51,95.0,2024-03-05 06:35:04,0
CUST1594,51.0,Female,North,Post-Graduate,Salaried,770684.290298423,879423.4950083068,Education,705.6908993575654,0,40,36.69847517054452,2021-07-11 23:26:35,1
CUST1595,39.0,Female,East,Graduate,Salaried,526122.6535872631,415320.70564817183,Other,645.2585581919727,3,49,81.80386804547314,2019-02-25 18:40:24,0
CUST1596,64.0,Male,South,Secondary,Self-Employed,619394.03535217,434403.3850889143,Education,410.8485583069429,2,35,37.81167736693659,2022-11-03 04:03:41,0
CUST1597,59.0,Male,North,Graduate,Unemployed,571142.411472652,322162.54474264523,Car,562.812513198362,1,46,51.962443168761396,2021-02-22 19:54:05,0
CUST1598,,,North,Secondary,,,194776.76988947828,Home,,3,37,30.649465166542818,2019-09-05 16:44:21,0
CUST1599,30.0,Other,South,Graduate,Self-Employed,671860.516017151,205821.79996944233,Business,691.3011933023998,1,33,35.730255783511694,2015-01-28 13:10:01,0
CUST1600,,,South,Secondary,,,217440.04147126063,Other,,2,55,18.51530109978612,2017-11-06 04:58:59,0
CUST1601,39.0,Female,South,Graduate,Salaried,549683.8338468842,271832.1240162816,Home,667.6294039070403,1,54,64.50386205706285,2020-09-02 23:45:14,0
CUST1602,59.0,Female,South,Secondary,Salaried,662895.8944966809,306662.13593840244,Home,690.2608181220404,0,40,43.579791905011554,2015-04-25 21:05:57,1
CUST1603,23.0,Male,South,Secondary,Self-Employed,967620.1415923272,242904.8730159045,Education,647.2267544209915,1,39,46.42905359747018,2015-01-09 18:27:04,1
CUST1604,33.0,Female,North,Post-Graduate,Unemployed,366493.15693746076,203952.1963184602,Car,708.3054910127709,1,27,27.945573504087097,2019-03-12 10:57:27,1
CUST1605,48.0,Male,South,Secondary,Self-Employed,704110.6115464855,169996.07401005193,Education,697.4044246343014,0,47,9.0809805827206,2019-05-14 22:52:11,0
CUST1606,40.0,Female,North,Graduate,Salaried,726029.7552855723,105283.36888450064,Car,647.1885136476234,1,37,1.0,2018-12-23 16:05:05,0
CUST1607,48.0,Female,North,Secondary,Salaried,224656.25386345264,524409.160381176,Education,609.1340144908705,1,42,68.58745148052834,2018-06-25 07:55:10,0
CUST1608,28.0,Male,South,Primary,Salaried,682106.4028818504,911929.2971161016,Home,733.4033273674007,3,42,22.05450112538446,2022-02-21 10:39:04,0
CUST1609,61.0,Male,South,Primary,Salaried,776057.0157967561,498621.25002961745,Business,687.0529678303058,1,27,8.850638957563971,2021-02-22 17:15:00,1
CUST1610,59.0,Female,West,Secondary,Self-Employed,717730.5358764869,114069.20726411944,Car,539.4853877975761,1,30,4.037548166029271,2023-04-28 15:11:53,0
CUST1611,21.0,Female,North,Post-Graduate,Self-Employed,583214.5490254649,389340.6482287719,Other,667.671812486511,1,56,44.228896488227015,2015-01-14 04:43:08,1
CUST1612,23.0,Male,South,Secondary,Self-Employed,666648.0073044858,448769.99772737216,Other,557.9180232433813,1,40,45.27664524285229,2021-03-01 21:19:38,0
CUST1613,33.0,Female,South,Post-Graduate,Salaried,633968.939449806,190600.9740876039,Home,572.834565405666,1,41,42.11858381847015,2017-08-05 10:53:30,1
CUST1614,,,South,Graduate,,,325577.6745925225,Education,,3,42,25.896761293950682,2020-05-24 21:03:28,0
CUST1615,45.0,Female,West,Graduate,Salaried,638664.0649508932,184650.14037203952,Education,653.5898588527762,3,34,11.393264887227367,2019-12-16 23:09:45,0
CUST1616,53.0,Male,West,Graduate,Salaried,526585.9188036656,607651.8591622812,Home,679.9588462073028,1,31,9.062665190665307,2024-09-06 16:23:28,0
CUST1617,58.0,Female,East,Graduate,Salaried,459035.5658004034,302314.3210645938,Other,617.2846488606983,2,33,1.0,2018-08-20 17:42:44,0
CUST1618,26.0,Female,North,Graduate,Self-Employed,1096993.990717331,140043.2671865439,Other,620.7853906965013,2,38,44.83515441089758,2017-02-18 09:17:49,0
CUST1619,64.0,Male,East,Secondary,Self-Employed,850523.1439239115,362900.82218878344,Education,609.7405075758655,5,38,2.287336001849811,2018-02-28 05:16:04,0
CUST1620,52.0,Male,South,Secondary,Salaried,369965.58793712244,458295.01995453215,Car,733.8010909670103,2,35,24.90737233294215,2017-05-20 03:27:49,0
CUST1621,41.0,Other,West,Post-Graduate,Salaried,669327.2393131678,273451.3458986737,Business,421.7645197120277,2,41,17.533261654363013,2024-11-19 16:42:43,1
CUST1622,36.0,Male,West,Post-Graduate,Salaried,891605.0551128649,323729.96795722976,Car,625.3058072260174,2,32,18.700083989946634,2017-08-16 13:10:24,0
CUST1623,41.0,Female,East,Post-Graduate,Salaried,300760.16918479966,232849.57948543417,Other,773.5987836305893,2,36,65.33424820975179,2024-01-14 02:06:42,0
CUST1624,31.0,Male,West,Graduate,Self-Employed,615396.6282814308,122937.54339459035,Car,691.3784040221909,4,49,1.0,2019-11-05 18:35:31,0
CUST1625,57.0,Male,South,Graduate,Salaried,624814.5451438987,221673.25336294025,Business,751.34777924537,1,40,37.11336544441101,2024-01-31 22:43:47,0
CUST1626,56.0,Female,West,Graduate,Salaried,345101.4235001955,332310.0772949982,Car,487.26009123912615,1,38,1.3364012698512961,2018-06-15 10:46:52,0
CUST1627,55.0,Male,East,Graduate,Salaried,675910.060922446,224848.89531718296,Car,550.6200614824702,0,40,1.0,2023-11-14 17:13:23,0
CUST1628,39.0,Male,South,Secondary,Self-Employed,823249.278103625,392565.72563926,Car,691.1238512549174,6,34,14.044978536635494,2015-01-25 16:45:16,0
CUST1629,40.0,Male,East,Graduate,Salaried,901609.5182838307,191892.58921181652,Car,774.0504474606134,0,42,1.6288057179178441,2017-05-01 18:38:38,0
CUST1630,38.0,Female,West,Secondary,Salaried,550127.1796748108,199594.98225280418,Home,558.7011026524218,3,34,38.91449029872554,2024-04-24 17:47:59,0
CUST1631,61.0,Male,East,Secondary,Salaried,1100329.0070270225,399780.92909447936,Other,618.9790573834782,1,56,18.85233570237759,2016-01-22 06:51:15,0
CUST1632,34.0,Male,East,Post-Graduate,Self-Employed,188406.64932064898,277371.07512906165,Business,682.1171313493596,1,38,1.0,2015-12-07 21:27:28,0
CUST1633,35.0,Female,North,Secondary,Unemployed,671243.3419628924,189655.97486367368,Other,533.8001282329842,0,46,1.0335919748151394,2015-03-28 23:39:48,0
CUST1634,51.0,Male,West,Primary,Salaried,317541.1360140289,451478.5875631075,Home,691.7353007664786,1,33,23.711861006215354,2018-12-04 13:32:24,0
CUST1635,21.0,Female,West,Primary,Self-Employed,618036.5274993799,160613.89069150813,Home,435.9452280771011,1,43,41.01184164429831,2019-10-25 01:10:43,0
CUST1636,23.0,Male,East,Post-Graduate,Unemployed,495618.6499789941,156973.24010149328,Home,689.3791571571884,1,49,14.39741966940259,2021-06-18 15:54:11,0
CUST1637,36.0,Female,North,Graduate,Unemployed,701375.4912781123,44459.35648365337,Home,570.3932025689726,2,39,20.218478233911057,2022-08-26 22:44:49,0
CUST1638,43.0,Male,West,Graduate,Self-Employed,574623.8571795612,174140.6997779331,Car,614.192224758687,3,43,40.21463865127668,2023-01-28 18:00:25,0
CUST1639,31.0,Female,South,Post-Graduate,Self-Employed,,532442.4030095919,Other,702.1507158349574,0,34,23.57268162488686,2024-03-18 01:40:17,1
CUST1640,32.0,Male,East,Post-Graduate,Salaried,2687650.862923224,350130.8780067411,Education,900.0,2,46,6.364573167781081,2020-10-16 07:59:28,0
CUST1641,30.0,Male,West,Secondary,Self-Employed,986491.8994899106,137152.38910478368,Business,649.3615036518636,2,40,23.73662571901618,2024-02-11 19:10:26,0
CUST1642,52.0,Male,South,Graduate,Salaried,688704.747692483,315982.191046809,Home,727.523244130828,2,29,24.74032352682399,2020-01-28 05:45:18,0
CUST1643,36.0,Male,West,Graduate,Self-Employed,259574.25869232236,63138.11678618229,Other,513.9859189904942,1,46,33.11653087154133,2020-02-02 22:29:17,0
CUST1644,,,South,Graduate,,,178720.93249031669,Home,,1,40,24.24717925082156,2016-09-09 04:58:18,0
CUST1645,58.0,Male,East,Secondary,Self-Employed,561064.6675284005,481430.8707817971,Home,586.7863895313213,0,31,87.04023493519395,2018-12-10 21:06:49,0
CUST1646,32.0,Female,West,Post-Graduate,Self-Employed,600920.2174194278,827211.3313718319,Home,723.4425174943989,3,48,5.4939917250926324,2021-04-19 17:20:16,1
CUST1647,,,West,Graduate,,,288990.16616364534,Home,,1,35,75.4446824690816,2020-04-21 20:24:35,0
CUST1648,48.0,Male,North,Secondary,Self-Employed,836645.4347425692,139263.03876417113,Home,707.8678575091204,1,47,19.32313714039925,2017-12-11 16:43:30,0
CUST1649,28.0,Female,East,Graduate,Salaried,428237.4544158622,136478.55251246845,Business,781.6305466165708,4,42,27.86519903835329,2019-01-11 02:32:56,0
CUST1650,48.0,Female,South,Primary,Self-Employed,594051.6691689233,264856.85298332066,Other,740.1078025947982,2,46,2.6190617367495026,2015-10-23 13:34:05,1
CUST1651,56.0,Male,West,Secondary,Salaried,490777.7994522861,287384.98088914464,Home,637.4062932981271,6,49,11.974129259491075,2015-12-30 03:55:03,0
CUST1652,46.0,Male,West,Graduate,Salaried,719372.4362148525,740260.3710277895,Home,649.8985717210003,1,31,36.67450608982708,2019-06-06 07:01:30,0
CUST1653,28.0,Male,South,Primary,Unemployed,553539.1012527661,434731.0797899065,Home,698.0750704569381,1,40,30.68197533348971,2019-06-16 07:13:10,0
CUST1654,48.0,Female,East,Graduate,Salaried,605850.2959403751,255368.7588678539,Home,660.8939739798263,2,42,1.0241800266962804,2020-12-27 19:11:44,0
CUST1655,48.0,Female,North,Graduate,Self-Employed,545944.6477979671,198565.76777640026,Car,706.4138657527774,2,40,19.77419721997918,2021-11-20 09:48:32,0
CUST1656,57.0,Male,North,Primary,Salaried,578776.0968861337,1481887.2844679435,Car,471.5743660181577,1,34,2.310509289759169,2017-05-20 11:56:14,1
CUST1657,61.0,Female,West,Post-Graduate,Salaried,940930.201185627,353612.47178101604,Education,800.4642815034653,2,53,95.0,2016-05-05 18:45:38,0
CUST1658,56.0,Female,South,Secondary,Salaried,6468919.397721268,812756.5395114943,Home,900.0,3,37,56.897748620312825,2022-04-08 03:39:49,0
CUST1659,47.0,Female,West,Secondary,Salaried,675418.4187484952,212187.63773306456,Education,520.2027735285952,2,40,1.0,2017-09-21 22:27:39,0
CUST1660,37.0,Female,South,Secondary,Salaried,580006.0440366194,143419.2095516792,Business,576.8965318733183,0,46,48.912830393394195,2017-08-16 19:39:50,0
CUST1661,29.0,Male,North,Secondary,Salaried,280872.64782206336,57369.626344316974,Education,479.6538359064622,1,47,62.96559873772508,2021-04-28 21:06:45,0
CUST1662,53.0,Male,East,Primary,Salaried,447916.3600377253,292901.1897354364,Other,562.7811935851399,1,37,10.90641684377263,2020-12-08 18:29:12,0
CUST1663,40.0,Male,South,Graduate,Salaried,574652.7928428188,707485.5823120696,Car,638.6201257088171,1,44,31.779686359633363,2018-09-03 15:49:05,0
CUST1664,33.0,Male,North,Post-Graduate,Unemployed,456987.3558725148,91278.05521959518,Car,771.1771689995522,0,27,14.589556474764684,2022-11-05 10:24:33,0
CUST1665,48.0,Male,West,Secondary,Unemployed,478019.84742561553,250987.28451487556,Home,682.8539668335841,1,36,26.622123935983172,2016-11-20 20:48:24,0
CUST1666,49.0,Female,South,Graduate,Salaried,915077.894811233,158872.47772460282,Home,668.628848957166,2,43,10.399911881049592,2023-06-23 01:30:56,1
CUST1667,33.0,Male,East,Graduate,Self-Employed,605758.1627476964,332003.7408122457,Business,559.1916383027431,1,45,9.735829104897856,2023-12-11 18:15:16,0
CUST1668,55.0,Male,West,Post-Graduate,Salaried,623642.3982803874,218950.7080275799,Business,584.0411755477191,1,36,13.810029535256527,2020-02-26 01:35:18,0
CUST1669,26.0,Male,West,Graduate,Self-Employed,465161.88793235464,107362.60406383332,Other,590.2457845302245,1,29,3.932951895716324,2018-06-05 11:53:33,0
CUST1670,38.0,Female,North,Secondary,Self-Employed,835508.9449539172,134771.73461790237,Home,593.5097110251115,2,48,44.466979426949344,2017-02-11 01:36:08,1
CUST1671,25.0,Male,South,Secondary,Unemployed,557484.2744022864,147534.84745777756,Home,621.8770499001116,0,36,10.719542049817813,2019-07-06 01:45:38,0
CUST1672,45.0,Male,West,Graduate,Salaried,495827.26696982875,543938.2045411902,Business,627.9191150626815,0,49,12.776872783632488,2017-03-23 14:19:59,0
CUST1673,22.0,Male,East,Post-Graduate,Self-Employed,283849.8365381117,527527.1257104947,Business,622.8737301098522,0,34,56.12078829524177,2017-07-02 14:14:48,0
CUST1674,30.0,Male,South,Secondary,Salaried,587779.6172497268,201428.80396456504,Business,596.2940615785215,2,35,17.160437596061,2022-09-27 04:06:47,0
CUST1675,50.0,Other,East,Secondary,Unemployed,489588.39964451967,507210.84302008024,Car,660.8042532649781,1,44,19.645486082519383,2017-07-16 18:19:17,0
CUST1676,25.0,Female,West,Post-Graduate,Salaried,936915.9492033799,218838.5880892581,Education,624.846817330658,2,35,78.37378083110495,2019-04-04 12:12:18,1
CUST1677,53.0,Male,East,Post-Graduate,Self-Employed,,199586.36819876655,Education,522.3546203022217,0,51,54.448724975219896,2018-01-31 19:58:14,1
CUST1678,21.0,Female,North,Post-Graduate,Self-Employed,352943.90104674513,251266.8257646604,Home,652.7505457806349,1,37,4.6421816276799275,2018-09-09 23:07:47,0
CUST1679,38.0,Female,East,Graduate,Self-Employed,375569.3524238005,288051.67415539786,Car,640.6588801774739,2,44,16.024071002906684,2015-06-17 23:07:38,0
CUST1680,52.0,Female,South,Secondary,Salaried,544736.0729747105,173986.52354058294,Business,523.629803795586,3,23,88.76816790931052,2017-04-19 08:46:33,0
CUST1681,31.0,Male,East,Graduate,Unemployed,436792.42092114565,246008.02720809405,Home,602.695884264277,3,44,11.644964003011916,2018-01-06 20:46:38,1
CUST1682,41.0,Male,East,Graduate,Salaried,3860899.890824056,1947060.6139110657,Car,900.0,2,40,11.613389498481727,2017-09-23 05:17:26,0
CUST1683,46.0,Male,North,Primary,Self-Employed,3208051.813097319,1312129.1694407826,Other,900.0,0,51,5.423763932159101,2020-09-22 11:49:26,0
CUST1684,45.0,Female,East,Graduate,Salaried,656106.4681110517,249114.95641904577,Car,550.6256744217205,1,40,3.0350770878540283,2023-09-28 07:01:27,0
CUST1685,42.0,Male,East,Graduate,Salaried,,326605.4441570966,Home,624.0093102406609,3,31,33.7061651938361,2015-06-11 21:16:02,0
CUST1686,47.0,Male,West,Secondary,Salaried,387155.69793289853,362226.0112706723,Education,699.8345815849572,2,53,36.74521128623757,2016-08-26 08:33:04,0
CUST1687,33.0,Male,West,Graduate,Salaried,799042.2444954797,233848.9115893835,Business,794.8262072578157,0,48,86.85465848684296,2021-01-29 02:50:29,0
CUST1688,53.0,Female,South,Graduate,Salaried,454269.5171359646,182680.01798560985,Other,702.7148283882947,2,37,37.11623248710757,2017-08-12 17:02:04,0
CUST1689,54.0,Male,West,Post-Graduate,Salaried,1029696.5698297552,271990.38138141605,Car,736.7862192124886,4,58,6.971444500169563,2016-09-28 10:33:13,0
CUST1690,61.0,Female,West,Primary,Salaried,924195.1932498777,93304.32691307578,Home,677.7358102801331,3,33,1.0235859402843102,2020-11-17 01:47:23,0
CUST1691,,Female,West,Secondary,Self-Employed,,214016.15947053433,Home,,1,43,95.0,2021-04-14 22:11:35,0
CUST1692,21.0,Male,West,Graduate,Self-Employed,407283.31109399174,55108.764895914275,Business,702.136886127753,3,43,10.404963731518485,2015-11-11 22:55:27,0
CUST1693,41.0,Female,North,Secondary,Salaried,369026.8040650834,88834.01699891186,Home,643.1513560857503,0,41,9.34812697901584,2017-01-25 02:36:53,0
CUST1694,26.0,Male,West,Graduate,Salaried,774725.700414906,81168.98461792697,Home,680.162707026241,3,43,59.09960295426412,2019-05-09 08:51:49,0
CUST1695,48.0,Female,North,Graduate,Salaried,593919.4466939003,455163.07734756626,Business,574.3176138919231,1,34,21.992937677862727,2022-01-29 12:52:06,1
CUST1696,37.0,Male,North,Secondary,Salaried,785373.3771503917,244847.06976319352,Other,687.3156640671845,1,35,6.047686622948364,2015-01-15 02:31:50,0
CUST1697,25.0,Female,West,Graduate,Self-Employed,1040845.7938591281,113865.20164953932,Education,640.3593442587282,4,37,54.977312631850616,2018-03-08 02:39:05,0
CUST1698,51.0,Female,East,Graduate,Self-Employed,445923.4122567753,325995.75085188093,Education,668.5006197747267,2,30,95.0,2016-10-04 17:43:20,0
CUST1699,25.0,Female,North,Secondary,Salaried,353972.3512483824,439411.97323631094,Car,643.1941460139894,5,43,2.2666847877694187,2024-05-27 17:57:01,0
CUST1700,58.0,Female,East,Post-Graduate,Salaried,638512.0469065252,329420.8309141638,Other,627.8237507726653,3,39,49.55816629316725,2019-07-06 09:52:14,0
CUST1701,23.0,Male,East,Post-Graduate,Salaried,828951.9222904595,216809.40376449822,Car,688.7752623694727,2,47,12.378552135299785,2016-08-26 13:58:19,0
CUST1702,,,West,Graduate,,,279146.4884024934,Education,,0,47,18.562240871939682,2021-09-13 22:51:35,0
CUST1703,57.0,Female,South,Graduate,Unemployed,606924.9477518492,417023.5274303523,Business,522.9049495697928,2,43,61.57353429268802,2021-08-19 21:46:11,0
CUST1704,57.0,Female,West,Graduate,Salaried,874008.732234198,183221.75925632624,Home,500.08239394540436,2,40,90.65155637921599,2016-07-19 23:18:16,1
CUST1705,30.0,Male,South,Post-Graduate,Salaried,273424.4323019255,247191.8794623493,Education,664.7533255541582,1,41,7.6008394968659205,2024-10-16 10:10:06,1
CUST1706,30.0,Female,South,Graduate,Self-Employed,647063.59228782,208081.30531357366,Other,614.2225748216915,3,42,5.983435773849943,2016-06-11 07:09:01,1
CUST1707,39.0,Female,West,Graduate,Unemployed,491979.38128024305,92221.6768190257,Education,511.672065805436,1,36,2.0985810839010552,2016-12-31 15:50:40,0
CUST1708,37.0,Female,West,Post-Graduate,Salaried,624831.3181942606,420811.76909095957,Other,658.5227973643024,0,36,20.626873786813167,2015-07-20 02:20:29,1
CUST1709,41.0,Male,South,Secondary,Salaried,741956.8581167376,834312.339476887,Other,642.4900356021312,3,42,1.0,2019-05-27 22:46:10,0
CUST1710,34.0,Female,West,Post-Graduate,Salaried,644161.7015776183,143734.5144447855,Other,610.0309125421815,4,41,13.271384569788026,2018-08-17 12:56:08,0
CUST1711,29.0,Male,South,Secondary,Salaried,397955.519577629,432617.02246601565,Car,669.7447454544682,1,43,1.905401417253352,2018-01-26 08:18:47,0
CUST1712,21.0,Female,East,Secondary,Salaried,499750.77235330426,146503.3731579366,Business,755.2075208086243,1,48,12.989335314012344,2023-05-31 03:16:44,0
CUST1713,33.0,Male,West,Secondary,Salaried,,262937.77574621444,Education,752.7672574948111,3,42,1.0187840208303929,2020-07-11 13:04:39,1
CUST1714,24.0,Female,East,Post-Graduate,Salaried,665786.5787848197,600073.4625422703,Business,661.5011714486868,0,43,45.0781850923933,2022-05-26 04:33:51,0
CUST1715,21.0,Other,North,Post-Graduate,Salaried,768063.8255169697,177679.49364762232,Home,643.2231653709717,1,53,5.884800016685956,2019-02-05 21:51:25,0
CUST1716,60.0,Male,East,Graduate,Self-Employed,650059.0620366085,240671.48538093772,Education,662.6188166089345,5,33,9.948910860616266,2020-07-07 05:40:30,0
CUST1717,52.0,Other,East,Graduate,Salaried,761823.2136483841,82380.01928557902,Business,674.7205546219478,0,44,51.01475253409825,2017-08-09 23:41:03,1
CUST1718,,,South,Graduate,,,162995.42202075737,Business,,2,38,34.286726162996814,2019-03-28 10:06:48,0
CUST1719,48.0,Female,East,Post-Graduate,Salaried,446497.6706465129,77360.88784047168,Home,663.9634447962482,0,37,6.180731224215079,2018-01-24 14:10:40,1
CUST1720,51.0,Female,West,Graduate,Salaried,752739.5431696094,314112.6228013247,Other,524.1096343166562,1,31,1.865379175045503,2021-08-03 19:22:58,0
CUST1721,,,South,Secondary,,,399905.09497281717,Education,,4,26,31.440825674911572,2021-12-09 19:16:01,0
CUST1722,59.0,Female,North,Secondary,Salaried,417143.7378406716,212568.3936550415,Education,688.1450876019684,4,39,12.386217699906812,2024-04-21 07:46:18,0
CUST1723,46.0,Female,West,Graduate,Salaried,484811.0377152544,288235.2253243754,Home,610.8126446394875,0,36,36.31940246627873,2016-11-21 08:57:12,0
CUST1724,54.0,Male,North,Graduate,Self-Employed,567354.7143538187,199698.0444365064,Other,642.3621884571121,7,45,14.732960693185209,2024-10-28 18:08:27,0
CUST1725,23.0,Male,East,Secondary,Salaried,923964.9209965297,378634.7198810134,Education,561.0795695439101,2,42,10.616290427295011,2021-06-16 17:41:51,0
CUST1726,32.0,Female,West,Primary,Unemployed,4275762.546201912,1312067.9961921764,Education,900.0,2,33,15.000776430836094,2016-10-28 08:34:00,0
CUST1727,21.0,Female,West,Post-Graduate,Salaried,335182.63402682263,73762.22229595463,Education,666.8652062367353,1,40,34.513671310499376,2024-02-04 16:52:26,0
CUST1728,64.0,Female,North,Primary,Salaried,581403.4416820997,426764.8725815803,Other,591.6349587409907,3,39,58.12595380739709,2018-09-30 03:39:49,0
CUST1729,25.0,Female,West,Graduate,Salaried,550824.2488499131,192196.6457033182,Home,507.853947073918,0,40,1.2762067046592513,2019-02-28 01:20:58,0
CUST1730,50.0,Male,West,Post-Graduate,Salaried,365346.088799214,113297.49272807165,Education,561.0577360692446,1,34,18.564294562977075,2015-03-28 17:13:47,0
CUST1731,50.0,Female,West,Graduate,Self-Employed,579041.6166210545,186584.52202235162,Business,572.6896724966344,0,25,1.0,2019-06-08 11:31:33,0
CUST1732,37.0,Male,East,Secondary,Self-Employed,541992.5120787255,77556.20752626976,Other,711.9664398185394,1,41,15.797047689489052,2018-02-08 22:32:04,0
CUST1733,43.0,Male,North,Graduate,Salaried,527673.4952765682,114698.98033748854,Car,664.3291209094774,0,41,54.132139083035526,2015-12-09 11:42:12,0
CUST1734,35.0,Male,West,Post-Graduate,Salaried,518523.7265236378,264545.82483525865,Home,580.271824147416,0,34,11.219374653185383,2018-05-07 18:08:32,0
CUST1735,57.0,Male,South,Graduate,Self-Employed,894278.7096697607,278180.9309707683,Business,602.9787276023072,0,33,67.37233620524044,2018-01-11 01:54:24,0
CUST1736,41.0,Male,South,Post-Graduate,Unemployed,527259.3767798969,291811.4929100545,Education,754.966753288578,3,38,24.897453625562548,2024-06-07 19:59:24,0
CUST1737,34.0,Male,South,Primary,Salaried,3659605.267560317,1216348.4236739257,Car,900.0,1,36,68.01142512701371,2020-08-15 04:10:28,1
CUST1738,22.0,Female,South,Graduate,Salaried,588247.0575446541,160216.43933394828,Home,560.5551657614537,2,30,35.38449430320823,2017-08-23 13:37:43,0
CUST1739,31.0,Male,East,Graduate,Salaried,498996.6299265328,234996.17498251042,Other,743.0820687701062,1,42,2.7296167564261906,2022-12-22 08:01:13,1
CUST1740,59.0,Male,West,Post-Graduate,Self-Employed,615900.9464735396,186777.90792023335,Car,643.5496953240151,1,45,6.571529143348992,2022-03-19 11:22:57,0
CUST1741,58.0,Male,North,Secondary,Salaried,613070.1192195526,91539.97500475524,Car,713.9689300844996,1,25,12.528915266738919,2021-02-28 10:38:38,0
CUST1742,54.0,Male,West,Post-Graduate,Salaried,615951.3053798432,152748.95036056676,Business,636.9353635998795,1,37,4.661458999800972,2019-11-21 11:20:19,0
CUST1743,58.0,Male,East,Graduate,Self-Employed,428153.37158071576,414042.84537700855,Home,744.866335899374,1,27,17.075545624457046,2022-02-22 11:37:48,1
CUST1744,,,South,Secondary,,,629685.9558039531,Business,,5,32,15.93657589781694,2018-04-05 23:16:25,0
CUST1745,38.0,Female,East,Secondary,Salaried,752064.3750699715,358887.7794245767,Business,629.5639654894787,0,42,78.23684822270073,2022-02-08 22:27:43,0
CUST1746,50.0,Female,West,Post-Graduate,Salaried,564036.673723992,613060.3477183792,Education,747.3167822319293,1,30,14.217013601108045,2019-10-31 06:55:36,1
CUST1747,35.0,Female,North,Secondary,Salaried,632356.3825202517,255565.282828563,Other,458.59134814421895,1,26,38.500921940028284,2019-01-05 14:26:52,0
CUST1748,47.0,Male,East,Secondary,Salaried,633407.400145271,690675.6848486986,Car,646.3150876700428,2,33,71.14427816146042,2023-02-03 05:28:53,0
CUST1749,54.0,Male,North,Secondary,Salaried,683479.0261467834,832920.1549860357,Home,618.516294410145,1,44,52.387003066067585,2018-10-18 08:41:04,0
CUST1750,58.0,Female,East,Post-Graduate,Salaried,711730.1830027621,85812.35743706285,Other,704.7728984434996,1,39,5.85093007250988,2021-01-14 11:10:37,0
CUST1751,53.0,Male,North,Graduate,Salaried,565169.8780501559,277311.30094727804,Other,735.5930748328777,3,47,17.130958166626012,2024-08-19 05:59:37,0
CUST1752,44.0,Male,North,Graduate,Self-Employed,417732.9393815807,255725.0475974126,Home,708.4227055445572,1,45,10.682792244234308,2018-10-14 20:11:18,0
CUST1753,35.0,Male,South,Secondary,Self-Employed,356256.93426502484,188252.17712146725,Other,669.2800202717797,0,38,12.764753584725755,2022-10-18 12:15:50,0
CUST1754,50.0,Male,North,Graduate,Salaried,803537.2825472718,326161.9522031555,Education,653.2451638476289,1,39,11.188714098632023,2015-01-29 09:34:24,0
CUST1755,62.0,Male,South,Graduate,Salaried,754050.0895942133,248867.28494944604,Other,622.5831502816081,1,25,43.76916349815015,2023-05-26 10:49:29,0
CUST1756,37.0,Male,West,Post-Graduate,Salaried,729872.9368675053,156174.7181673184,Education,666.7978097219705,3,33,15.043344361440026,2019-09-19 17:30:01,0
CUST1757,25.0,Female,West,Post-Graduate,Salaried,762240.7055725347,238956.53130280107,Car,766.7723863668407,1,48,18.542386792421574,2022-03-02 12:56:42,0
CUST1758,49.0,Male,South,Primary,Salaried,567688.8032748223,500196.7237984576,Car,583.5590161377967,2,37,95.0,2024-03-23 15:08:47,0
CUST1759,24.0,Female,South,Graduate,Self-Employed,475024.71644689,270904.8302053451,Business,617.8334819900741,2,41,1.5463338275278804,2019-05-14 17:36:37,0
CUST1760,30.0,Female,East,Primary,Salaried,403918.51804039243,353688.84934472013,Education,643.9592021946554,0,40,16.733698064531723,2023-03-02 17:00:10,0
CUST1761,37.0,Female,East,Graduate,Salaried,382130.00068290014,205616.51594991994,Car,730.0746143356535,2,33,37.18733391441324,2022-09-25 07:04:32,0
CUST1762,30.0,Female,East,Secondary,Salaried,842431.7377100661,318455.6207849188,Other,667.8641871641764,0,40,4.097171858526063,2021-10-16 17:41:29,0
CUST1763,37.0,Female,West,Secondary,Self-Employed,501371.02884917025,117532.63065444291,Home,728.6785516436153,0,47,23.638585927530347,2016-01-31 07:39:00,1
CUST1764,40.0,Male,East,Secondary,Salaried,810971.8138421774,179902.02935711516,Home,732.728799240288,1,51,6.843321402648668,2022-08-09 09:09:34,0
CUST1765,44.0,Male,North,Graduate,Self-Employed,562622.8339238699,228296.1194677858,Education,697.3629460655984,2,47,50.51123053761544,2022-10-23 00:19:41,0
CUST1766,25.0,Male,North,Secondary,Salaried,464751.7583515152,112893.30494472479,Business,564.8805106747557,3,48,9.903951288435007,2017-10-28 10:22:21,0
CUST1767,54.0,Female,East,Graduate,Self-Employed,381127.0404899713,147542.2668553691,Other,782.8875129517371,2,33,9.976994080866932,2024-02-13 05:11:35,0
CUST1768,26.0,Female,North,Graduate,Self-Employed,482369.1286024499,292982.1782735486,Education,762.9904536874161,1,51,22.79463978925631,2015-05-27 13:49:06,1
CUST1769,22.0,Male,West,Primary,Salaried,883647.756581258,262471.85855780484,Home,655.083204040187,1,39,5.070135390360396,2018-08-09 10:23:50,0
CUST1770,33.0,Female,North,Graduate,Salaried,383157.9840440375,393886.9644243558,Education,539.4583806013156,2,43,8.382924965748487,2020-12-03 09:36:14,0
CUST1771,63.0,Male,West,Secondary,Salaried,1023349.3642959301,169345.00947179296,Other,525.1601473700514,0,37,13.473420425105399,2018-06-26 01:17:23,0
CUST1772,63.0,Female,South,Graduate,Salaried,431878.5145060712,251339.8623748018,Car,670.3452501242969,2,49,10.909883722331394,2018-06-18 21:20:05,0
CUST1773,31.0,Male,South,Graduate,Self-Employed,749989.9941302491,162247.7153581565,Other,593.8599646295371,3,35,18.604550498514214,2015-09-24 16:43:21,0
CUST1774,43.0,Male,South,Secondary,Self-Employed,570949.7411490023,370896.0558658881,Car,512.6248693311697,2,44,22.884787411998392,2024-10-24 17:40:33,0
CUST1775,36.0,Male,South,Primary,Self-Employed,535888.0834947629,496057.7694623734,Car,523.6507440509599,2,35,20.906246013720047,2020-08-08 01:24:53,0
CUST1776,51.0,Male,North,Secondary,Self-Employed,345715.84457497275,324485.0996997465,Car,612.4013941335993,0,39,26.545076828093595,2023-05-12 04:47:14,0
CUST1777,31.0,Male,East,Post-Graduate,Salaried,580321.4034497524,458959.1860306627,Education,665.5943659048783,0,52,9.195185465999254,2015-03-09 19:43:44,0
CUST1778,36.0,Male,North,Graduate,Salaried,368342.8007267991,247582.69285488833,Home,762.4570440812662,2,57,3.3790674092176656,2024-07-31 15:45:33,0
CUST1779,28.0,Female,West,Graduate,Self-Employed,263684.5800465119,393704.6551620208,Education,688.7376619477474,0,30,35.762169628114094,2023-03-04 19:30:59,0
CUST1780,24.0,Male,North,Graduate,Salaried,623919.7356434899,254040.92258618487,Home,619.4876375622869,5,44,47.558402903678406,2023-11-15 23:40:17,0
CUST1781,60.0,Male,North,Secondary,Self-Employed,472915.37863284897,131274.14954324384,Other,680.3959646138239,0,43,7.426690555417323,2020-04-08 06:24:58,1
CUST1782,24.0,Female,West,Graduate,Salaried,936869.7032249961,281540.85048779205,Business,673.2454068470927,0,33,13.067899035383912,2024-05-19 15:55:03,0
CUST1783,45.0,Female,South,Graduate,Salaried,800004.3430185644,133628.92000010138,Other,709.1636165756752,2,40,17.257242524331833,2020-04-22 12:03:15,1
CUST1784,23.0,Male,South,Secondary,Unemployed,939486.4362673541,988038.9222474557,Education,646.8046309132909,2,39,19.053153593926318,2020-01-17 06:10:57,0
CUST1785,52.0,Male,South,Secondary,Salaried,463823.4190984203,198699.14086178225,Education,732.8958200809689,0,36,26.93278219234071,2019-10-29 02:51:27,0
CUST1786,23.0,Male,East,Secondary,Unemployed,627227.5480262574,357547.2189128521,Home,715.9561440181988,1,35,1.062335633198458,2020-07-30 22:01:20,0
CUST1787,47.0,Male,West,Graduate,Unemployed,150000.0,240999.9652506588,Education,656.6160002910856,2,37,31.956373369802243,2015-09-21 08:25:09,0
CUST1788,49.0,Female,West,Post-Graduate,Self-Employed,3261837.1431759307,579122.8197685146,Car,900.0,2,33,1.5993605262496091,2024-02-12 06:48:44,1
CUST1789,52.0,Male,North,Primary,Self-Employed,619699.6696049361,77721.42061566249,Education,723.5798783192341,2,37,15.791358931034964,2024-07-27 14:34:16,1
CUST1790,39.0,Male,East,Graduate,Salaried,630809.6155403544,380563.5171282981,Home,592.9220545514369,1,44,43.95876563035468,2017-04-16 02:17:43,0
CUST1791,41.0,Female,South,Secondary,Self-Employed,591526.3178916654,615139.6265511595,Home,529.4709736685285,4,56,15.001227654095949,2023-03-20 19:15:28,0
CUST1792,25.0,Male,East,Post-Graduate,Salaried,613318.5143503336,156235.18946371097,Car,529.0161606652804,4,48,4.036215467068509,2021-06-24 04:14:07,0
CUST1793,38.0,Female,West,Secondary,Salaried,150000.0,89857.87085004355,Home,586.2900419928393,0,37,95.0,2020-10-28 11:16:10,1
CUST1794,48.0,Male,West,Graduate,Self-Employed,651244.3672163957,199766.07990665408,Business,702.77218390218,1,42,55.02000301619465,2019-10-06 19:14:35,0
CUST1795,62.0,Female,North,Graduate,Salaried,696687.9783860077,138375.98285978133,Other,616.176091631211,0,36,36.88509478895101,2018-03-26 03:34:39,0
CUST1796,42.0,Male,North,Graduate,Salaried,867605.0805257702,164359.3703520823,Education,666.3612802248981,1,44,13.25495171331505,2018-02-13 10:30:16,0
CUST1797,41.0,Female,West,Graduate,Salaried,673747.6118553862,350187.5754750555,Business,610.3763143295145,2,28,5.07879704257426,2024-08-21 15:24:29,0
CUST1798,26.0,Female,South,Secondary,Salaried,573852.5866573524,235560.29079895018,Education,611.0114107212827,3,35,70.93028524487501,2019-06-11 08:18:21,0
CUST1799,21.0,Male,South,Secondary,Self-Employed,820988.3844461944,147605.05885858054,Business,567.9629060391077,0,38,19.000938374847554,2016-12-10 10:33:15,0
CUST1800,25.0,Female,East,Secondary,Salaried,150000.0,345621.82734917634,Education,642.648349966745,1,35,47.82369133608613,2024-04-26 05:50:29,1
CUST1801,61.0,Female,West,Secondary,Unemployed,497010.2938745712,362262.1525547965,Car,635.9869011376835,4,31,10.46736859335136,2019-09-11 16:44:46,0
CUST1802,32.0,Female,West,Graduate,Self-Employed,446838.0039882577,198345.45435222678,Home,683.0132018545457,2,44,10.210047296459662,2023-05-11 23:50:52,0
CUST1803,46.0,Female,South,Secondary,Self-Employed,593095.6400337378,263748.140246866,Home,673.0158085609374,2,30,95.0,2023-08-04 19:53:45,0
CUST1804,54.0,Female,South,Secondary,Salaried,160261.43755416706,331804.4704072513,Car,634.228209523327,4,34,18.444883413507434,2016-07-11 19:02:43,0
CUST1805,34.0,Male,West,Graduate,Self-Employed,863927.1324487438,313533.6213969385,Business,529.512892395186,1,47,3.7907962312583634,2024-01-05 01:25:51,0
CUST1806,46.0,Male,North,Post-Graduate,Salaried,550038.0200631508,248790.99667114657,Other,735.6463574062623,2,42,6.201109168950252,2024-12-01 04:31:53,0
CUST1807,47.0,Female,West,Graduate,Self-Employed,663759.3382317867,573522.0545865594,Business,643.1964528769581,2,51,16.44181184419587,2015-02-13 05:53:57,0
CUST1808,29.0,Male,West,Primary,Salaried,644618.2450119788,344417.02627341315,Home,656.3714151915117,3,40,1.0849794424466408,2020-08-21 00:12:16,0
CUST1809,46.0,Female,South,Primary,Self-Employed,852497.9789753901,185274.27803694227,Other,778.0396052648846,0,39,15.522243739753092,2024-05-31 01:33:57,0
CUST1810,,,South,Post-Graduate,,,185943.57740302154,Education,,1,43,13.572567661331306,2017-08-19 04:16:38,0
CUST1811,50.0,Male,North,Secondary,Salaried,622464.2330939624,173710.98473386554,Other,685.7159359053385,1,30,37.77788246869566,2023-10-19 15:37:43,0
CUST1812,63.0,Male,North,Primary,Salaried,829235.6521409721,354786.8864508526,Business,649.815537010334,2,40,10.960374717451025,2017-12-20 00:31:20,0
CUST1813,37.0,Female,East,Graduate,Self-Employed,580402.7106558618,167100.62652848323,Car,649.0683560932678,0,41,95.0,2022-06-04 21:35:37,0
CUST1814,46.0,Male,West,Graduate,Salaried,409746.12137233966,188162.3713551409,Education,669.209159817749,2,37,4.984757644191303,2021-01-27 03:46:04,0
CUST1815,56.0,Female,South,Graduate,Self-Employed,479221.97686884284,458086.55633411766,Business,682.5525380685306,2,39,22.35018920947765,2021-07-12 11:48:19,0
CUST1816,21.0,Male,North,Secondary,Salaried,521411.5996387191,272387.01336253085,Education,786.9121404627308,1,26,2.3495072801845778,2021-01-23 23:45:31,1
CUST1817,28.0,Female,East,Primary,Salaried,455789.9940954022,498380.727153603,Other,847.8612866210249,2,36,33.093694063021594,2017-07-13 10:21:27,0
CUST1818,,,East,Post-Graduate,,,391928.9780882051,Home,,2,56,95.0,2024-03-08 06:31:28,0
CUST1819,35.0,Female,South,Secondary,Self-Employed,901649.4806370004,119850.07942407389,Business,477.73791423650937,1,36,42.75061239095474,2015-04-12 05:28:07,0
CUST1820,42.0,Male,South,Graduate,Self-Employed,480527.0468925035,228369.48969180617,Car,573.8604421366624,2,48,20.281580957067497,2019-08-26 22:46:03,0
CUST1821,34.0,Female,East,Graduate,Salaried,502465.2051442002,439753.413080681,Other,794.9197505497414,1,36,16.577157143665005,2020-12-17 09:51:18,0
CUST1822,46.0,Male,North,Graduate,Self-Employed,691956.1168100627,116622.13371457842,Business,707.4922102604597,2,37,45.04978512513151,2020-05-12 23:31:04,0
CUST1823,48.0,Female,East,Secondary,Salaried,565035.9272072248,312333.4019413416,Car,684.0837189795997,0,25,68.71168377970251,2015-01-30 16:40:44,0
CUST1824,43.0,Female,West,Secondary,Self-Employed,334162.9733310235,237152.36783007308,Business,636.6529670876191,0,43,95.0,2016-11-03 08:00:15,0
CUST1825,34.0,Male,West,Graduate,Self-Employed,587762.3124441957,84721.67530807658,Other,554.8782352619212,0,39,12.62685601659999,2018-03-02 05:10:14,0
CUST1826,44.0,Male,South,Post-Graduate,Salaried,580221.7135206149,260874.72303747057,Business,784.2231803796401,0,34,95.0,2015-08-31 18:29:05,0
CUST1827,22.0,Male,North,Post-Graduate,Salaried,795135.6690876307,146901.73756729037,Education,584.1431798820729,1,40,4.237885231563482,2019-10-03 08:45:03,0
CUST1828,46.0,Female,North,Secondary,Salaried,405569.5203594677,120500.46980840035,Other,708.3449453230623,3,35,7.3106585826071155,2020-07-25 14:24:36,0
CUST1829,34.0,Female,West,Secondary,Self-Employed,796463.8965510887,244136.89828686952,Business,545.9438584196685,1,43,2.330752047900848,2022-06-14 02:55:47,1
CUST1830,27.0,Male,East,Post-Graduate,Salaried,580433.8375800113,76228.31316050752,Home,632.7721052137379,2,44,7.927377865554887,2023-08-17 14:02:28,1
CUST1831,23.0,Male,South,Graduate,Self-Employed,378411.66581700084,162012.0225040881,Business,729.4365704362372,0,36,36.5187192369092,2018-07-18 21:37:13,1
CUST1832,43.0,Male,East,Post-Graduate,Salaried,338244.3375846143,1122091.0948798864,Education,630.0244662026565,1,38,47.92020635836567,2018-10-10 03:21:15,1
CUST1833,63.0,Female,East,Secondary,Self-Employed,986877.705581706,358661.1809049688,Car,620.5240099707178,2,38,37.72767316612982,2024-06-17 06:02:06,0
CUST1834,38.0,Male,East,Graduate,Self-Employed,568016.795432912,143077.97728184066,Car,650.8509014678945,0,42,24.92842278622463,2018-08-13 02:00:41,1
CUST1835,58.0,Other,North,Graduate,Salaried,787300.8233460976,563825.2060306743,Car,543.1197686052058,2,47,18.03694382952605,2016-03-02 09:51:49,0
CUST1836,55.0,Male,West,Graduate,Salaried,258376.12107837404,133890.00230857087,Home,528.0682474363188,2,39,30.835408487779226,2023-01-20 21:02:40,0
CUST1837,35.0,Female,North,Graduate,Salaried,1127538.9775927803,174169.26768511863,Education,707.1389186155143,0,35,12.391593262515288,2015-12-27 13:18:42,0
CUST1838,45.0,Male,West,Primary,Self-Employed,778648.9256734257,121867.43737198929,Other,616.223205950576,1,42,46.01980693203138,2021-04-30 14:42:35,0
CUST1839,57.0,Male,South,Graduate,Self-Employed,548911.9571689581,283126.1755318281,Car,706.5187808465165,2,41,28.267291381323652,2016-09-12 09:05:31,1
CUST1840,48.0,Female,South,Secondary,Salaried,538766.828428898,551930.6996459631,Education,739.4546413720566,3,45,29.917044422410587,2021-06-14 08:15:08,0
CUST1841,30.0,Female,East,Graduate,Self-Employed,746919.6256605992,133331.82974742155,Business,745.8914087196371,2,33,19.193319760675394,2022-11-29 22:11:52,0
CUST1842,59.0,Other,West,Post-Graduate,Salaried,735436.3373450094,70525.82103456788,Home,520.3193372338928,1,39,54.12040756702765,2016-09-10 11:25:37,0
CUST1843,37.0,Male,West,Secondary,Salaried,636505.8560794877,467231.44091536495,Education,594.1736569396882,0,36,7.259299965838628,2023-12-13 11:17:09,0
CUST1844,59.0,Male,West,Post-Graduate,Unemployed,602175.7516404461,616787.7871240017,Education,693.0068245635044,0,33,11.997214251708407,2015-12-23 15:25:59,0
CUST1845,42.0,Female,East,Secondary,Salaried,712213.4168051833,73346.62132596264,Other,694.2401337522922,2,33,37.58672863370715,2023-11-09 20:17:45,1
CUST1846,46.0,Female,East,Graduate,Salaried,1509955.7363037872,1599930.129672759,Education,900.0,1,37,16.968728102299053,2022-08-31 08:07:26,0
CUST1847,64.0,Male,South,Post-Graduate,Salaried,525745.0574771494,278146.49415433337,Other,577.3909173413534,1,49,55.00387469037887,2020-03-14 20:22:09,0
CUST1848,45.0,Male,North,Secondary,Salaried,270627.2283414308,151374.8995191179,Home,743.4534721163278,1,33,10.63146736705939,2021-01-10 00:45:59,0
CUST1849,37.0,Male,West,Primary,Salaried,720918.468940501,105175.5986093956,Home,679.7819688030833,1,40,11.524320008079398,2023-06-16 03:03:14,0
CUST1850,33.0,Female,West,Graduate,Salaried,464837.20579333615,440228.9481487432,Business,518.7811306669224,1,43,54.89619075606894,2020-06-27 15:49:22,0
CUST1851,40.0,Male,North,Primary,Self-Employed,285684.38426416443,270341.7879904715,Other,606.1747810618724,0,39,15.607806313797127,2023-12-09 18:27:20,0
CUST1852,45.0,Male,West,Graduate,Salaried,441242.6951962061,282845.4387085046,Other,671.002240985866,3,37,18.148195269424857,2022-03-05 04:58:00,0
CUST1853,24.0,Male,East,Post-Graduate,Salaried,629871.240293157,167198.73073399716,Car,513.6506633362987,2,49,10.115276148165982,2015-03-23 01:36:51,0
CUST1854,30.0,Male,East,Graduate,Salaried,558954.3234888379,150069.60178077774,Car,484.0875196022683,2,47,8.097241237104308,2019-06-01 09:14:19,0
CUST1855,23.0,Male,West,Secondary,Salaried,365368.6881934453,55659.935443106515,Business,509.10059370906856,1,34,26.674113408061977,2017-01-17 13:21:58,0
CUST1856,61.0,Male,East,Graduate,Self-Employed,259026.2796538768,211754.5674151864,Home,670.7306924067472,0,39,3.191308036749559,2023-02-18 08:57:43,0
CUST1857,38.0,Male,East,Graduate,Unemployed,614786.5574061004,575673.436092744,Car,611.2266193013248,2,34,52.855512716275264,2024-05-11 12:22:06,0
CUST1858,56.0,Female,West,Primary,Salaried,483846.3786499078,142321.99614181547,Education,600.4035442149105,2,46,37.76280427609554,2019-06-09 11:19:58,1
CUST1859,42.0,Male,South,Graduate,Self-Employed,548383.8580271899,97397.04822175759,Home,603.1502531867418,2,45,5.2911310154593165,2022-04-15 12:47:56,0
CUST1860,54.0,Male,North,Graduate,Salaried,3408377.7750140405,1576687.4480717003,Education,900.0,3,37,29.605884039686092,2018-08-08 01:27:26,0
CUST1861,28.0,Female,East,Graduate,Salaried,686013.1374350637,352232.94070144685,Other,613.4877453727914,3,52,23.072369849525558,2022-11-26 08:15:48,0
CUST1862,60.0,Female,South,Secondary,Salaried,769389.3003539826,170835.50673404563,Home,504.36815615425314,1,40,5.099920962877043,2021-12-13 00:33:48,0
CUST1863,64.0,Male,East,Graduate,Salaried,629301.8401916886,196957.12041896093,Business,745.0112911487125,0,56,7.97771916065991,2016-12-16 03:49:50,0
CUST1864,39.0,Male,East,Primary,Salaried,535907.4900480713,284458.2776588076,Other,785.3863776541774,0,39,13.147910637875363,2023-08-19 02:17:28,0
CUST1865,62.0,Male,North,Secondary,Self-Employed,604952.7076191605,221166.32932939447,Other,463.91490292886624,4,45,30.036294223982907,2024-12-11 11:04:21,0
CUST1866,61.0,Female,East,Post-Graduate,Salaried,532152.6065480757,442447.72526283487,Education,612.469627254073,2,49,25.452785836335863,2023-08-28 14:07:41,0
CUST1867,57.0,Other,North,Graduate,Unemployed,271489.32927337574,1047949.0702101565,Other,617.6790855492162,2,41,18.994723007222518,2016-07-03 08:10:05,0
CUST1868,26.0,Female,North,Primary,Salaried,818389.234257915,87072.97741504722,Car,636.041239470638,2,33,36.56972643160944,2020-02-23 04:50:17,0
CUST1869,46.0,Female,North,Secondary,Salaried,780687.7724975608,507805.14408173214,Home,730.122433949952,1,42,35.4640077890034,2018-02-02 23:40:23,0
CUST1870,54.0,Female,South,Secondary,Self-Employed,997666.7987161193,258630.5360737983,Car,612.7031374244855,0,33,24.049150792196095,2017-02-27 00:32:17,1
CUST1871,26.0,Male,West,Secondary,Salaried,1056099.8612955217,558450.1090896019,Education,642.939882981497,4,47,38.660413936942376,2015-07-25 18:23:44,0
CUST1872,,Male,South,Secondary,Salaried,,374974.2765598735,Education,,3,33,10.171528607054405,2022-12-16 15:43:18,1
CUST1873,53.0,Female,West,Primary,Self-Employed,532920.0159242343,251876.42669414834,Home,641.0965673915755,4,45,53.26827160137779,2020-01-03 22:41:14,0
CUST1874,42.0,Female,West,Graduate,Unemployed,1102307.9193740285,383085.60903294134,Other,791.2991888239525,2,41,23.856960714744456,2023-04-27 21:29:44,0
CUST1875,41.0,Male,North,Graduate,Self-Employed,591889.876883553,191665.42202144215,Business,690.1590125911066,2,47,43.200400731967534,2020-09-19 12:46:47,0
CUST1876,26.0,Female,East,Graduate,Self-Employed,648842.1805093504,152576.15794556314,Education,605.703280553932,1,39,19.756825956220446,2018-10-30 03:13:28,0
CUST1877,26.0,Male,North,Graduate,Self-Employed,295774.00966108416,394951.34905926115,Home,592.3412810259656,2,42,6.161527777872059,2017-08-01 10:06:16,0
CUST1878,24.0,Male,East,Primary,Unemployed,630057.7263153548,146298.2946958942,Business,649.4181924000235,1,37,19.544549337774196,2016-12-28 23:29:50,0
CUST1879,50.0,Male,West,Post-Graduate,Salaried,986388.0749518177,356975.9012510815,Other,559.8821500202754,4,44,11.59503909795522,2019-09-23 01:59:39,0
CUST1880,31.0,Male,North,Post-Graduate,Salaried,5143950.972124234,1236612.6457588396,Education,900.0,2,48,29.891770371552127,2023-12-06 17:59:12,0
CUST1881,50.0,Female,East,Post-Graduate,Salaried,478003.07569629134,60014.11174658445,Home,616.1551519179377,4,30,16.146753621220945,2018-10-25 13:43:55,0
CUST1882,51.0,Male,South,Post-Graduate,Salaried,520736.7266863168,172020.7743698589,Home,673.4674833541783,1,43,45.21442306874592,2022-10-01 21:32:55,0
CUST1883,44.0,Female,East,Post-Graduate,Self-Employed,373819.94150114735,296826.45399511873,Home,796.0797769392838,1,39,28.335723808598196,2020-04-01 03:21:45,1
CUST1884,29.0,Female,North,Graduate,Self-Employed,429767.37195005885,190308.09712719612,Education,611.203645856139,0,33,28.843436015390335,2023-10-19 23:45:50,0
CUST1885,23.0,Female,South,Secondary,Salaried,,52678.3973452415,Business,686.921443710249,0,39,6.1205246290881234,2020-06-13 22:21:48,0
CUST1886,51.0,Male,East,Graduate,Salaried,583036.0650680515,536300.5854922652,Home,519.7681722734359,0,38,95.0,2015-11-19 14:17:44,0
CUST1887,60.0,Male,East,Graduate,Self-Employed,902022.1359860821,268773.6973608056,Other,734.8230912709853,3,30,46.07766795911875,2024-01-13 06:42:48,0
CUST1888,57.0,Male,East,Graduate,Salaried,671086.3848187499,316868.95453716314,Home,512.2653940058435,2,44,38.898007383769446,2023-05-08 14:29:08,0
CUST1889,56.0,Other,East,Graduate,Self-Employed,873247.7979931465,182779.22974236796,Business,713.8709177681147,2,43,10.01997124462931,2018-12-28 00:38:05,0
CUST1890,44.0,Female,East,Primary,Salaried,814649.8801851997,333999.1786713484,Education,643.5260037374558,2,27,19.176929751676834,2019-10-05 04:53:54,0
CUST1891,51.0,Male,South,Secondary,Salaried,490638.3820854744,730067.3628558961,Home,640.3477645808168,0,52,3.6865041019830667,2020-06-14 03:50:40,0
CUST1892,26.0,Female,West,Post-Graduate,Salaried,448098.66771871026,156209.94923152868,Home,625.9788225664935,0,46,19.33052928729985,2015-09-28 09:31:15,0
CUST1893,22.0,Male,South,Graduate,Salaried,455763.08862970886,660140.270983589,Other,545.8997900486322,1,42,3.942360141091087,2021-06-22 11:55:07,0
CUST1894,40.0,Female,South,Graduate,Self-Employed,256587.61031159025,308395.534049961,Other,550.1383592104958,1,53,20.132033753043554,2017-05-07 09:52:49,1
CUST1895,48.0,Male,South,Secondary,Unemployed,606466.0465591149,144111.17815385238,Home,716.9216124831186,2,44,26.15442512600107,2017-07-15 04:18:22,0
CUST1896,31.0,Female,West,Secondary,Self-Employed,150000.0,915691.1209202548,Home,650.954942414511,1,41,12.365440780396067,2018-09-25 20:31:14,0
CUST1897,24.0,Male,North,Post-Graduate,Salaried,718283.1018572772,307117.02532953216,Other,625.395461185499,1,51,17.256029094561175,2016-12-24 10:30:45,0
CUST1898,35.0,Female,West,Graduate,Salaried,614376.1871437749,364356.1860470762,Business,685.4718360508846,0,35,52.11705880411061,2022-07-08 06:20:54,1
CUST1899,26.0,Female,South,Graduate,Self-Employed,694287.973298968,206568.78540742813,Car,658.1048226577002,3,35,2.8730168478954794,2019-03-14 12:13:31,0
CUST1900,50.0,Female,East,Graduate,Self-Employed,811403.2565896271,150573.10802050363,Car,586.5654760048096,2,48,39.22334637121926,2020-04-11 11:27:43,0
CUST1901,58.0,Male,East,Graduate,Salaried,639758.9176677708,268521.9518125918,Home,846.8796980674065,3,36,4.680977231427429,2019-12-07 18:09:12,1
CUST1902,22.0,Male,South,Secondary,Salaried,926314.3475309511,627110.6216331293,Other,709.2605102802486,2,38,1.0,2016-11-02 15:47:13,0
CUST1903,35.0,Male,East,Graduate,Self-Employed,724389.162190442,201632.92346594905,Education,660.1654858687644,1,36,5.131811210941456,2018-09-19 11:41:09,0
CUST1904,31.0,Male,South,Graduate,Salaried,448574.63063678995,238935.57947988276,Education,608.9110958228848,1,35,36.20883922093413,2018-08-19 09:52:47,0
CUST1905,28.0,Male,East,Graduate,Salaried,552457.7915708242,581750.5829272966,Car,726.2207751355352,3,36,12.985144596226053,2019-09-04 05:52:35,0
CUST1906,46.0,Female,West,Graduate,Salaried,150000.0,202765.19070848473,Business,586.9945704219124,3,48,51.49499609431846,2021-05-07 23:04:36,1
CUST1907,64.0,Female,North,Post-Graduate,Salaried,419561.9119055668,329774.96833644115,Car,580.2580207224589,0,49,18.595624041012634,2018-12-09 19:08:47,0
CUST1908,25.0,Male,North,Primary,Self-Employed,523800.71881332184,411025.40492753696,Home,785.4660508592306,2,43,1.0,2021-02-13 07:08:54,0
CUST1909,26.0,Male,West,Post-Graduate,Unemployed,709254.7219115332,215762.043873997,Business,652.4540140856567,2,41,31.532422821011647,2019-09-27 19:40:53,0
CUST1910,,,West,Secondary,,,292407.1782338946,Education,,0,30,2.919888642412747,2020-01-29 04:23:37,0
CUST1911,24.0,Female,South,Graduate,Salaried,350747.1972131139,361010.2631209068,Other,650.4548558431742,2,41,38.94244941874416,2020-07-20 15:03:09,0
CUST1912,39.0,Male,South,Primary,Salaried,222493.6193983748,190889.66765670964,Other,718.01492430787,3,34,4.601152568376844,2024-11-03 18:36:23,0
CUST1913,40.0,Female,South,Secondary,Salaried,480716.49628133635,396114.701676425,Home,699.7003563164154,1,38,10.595044518089923,2021-10-21 02:09:00,1
CUST1914,53.0,Male,East,Graduate,Salaried,990170.3604735859,174871.7889675529,Car,727.9409810469161,2,45,35.810701531072084,2021-08-09 14:39:41,0
CUST1915,40.0,Other,South,Primary,Self-Employed,654221.4069794066,161934.53905157946,Home,550.0355277808416,3,40,77.1039020851664,2020-07-19 14:53:10,0
CUST1916,32.0,Female,West,Graduate,Salaried,787915.8824710358,97127.06643772671,Other,725.9319329339876,2,37,11.607854150369764,2021-03-23 00:55:56,0
CUST1917,21.0,Male,North,Post-Graduate,Salaried,419989.1534671502,179498.5831670184,Education,635.6752979159082,1,41,44.210873366443074,2024-06-16 02:33:44,0
CUST1918,46.0,Female,East,Secondary,Salaried,285310.04797955626,148850.59725199098,Other,657.1280613363101,1,39,5.292490387468321,2017-07-15 06:58:16,0
CUST1919,34.0,Male,South,Graduate,Salaried,355784.5071823865,190894.39077859302,Business,746.7595594915823,2,39,41.14992439936119,2015-07-28 20:06:22,0
CUST1920,58.0,Female,East,Graduate,Salaried,580573.7781684726,350527.8986992802,Other,706.2180538617032,3,48,26.78665690482652,2018-01-15 18:32:33,0
CUST1921,57.0,Male,East,Graduate,Salaried,201174.23130414868,86214.6544975893,Other,678.0841984763744,1,40,5.352845657052447,2022-12-28 18:11:51,0
CUST1922,31.0,Female,South,Secondary,Unemployed,398681.91671804583,74250.32718949298,Business,491.28026534824363,2,46,9.006461080647664,2020-12-06 11:21:29,0
CUST1923,56.0,Female,East,Secondary,Salaried,482727.86280574126,154902.70203786824,Car,646.3598515695771,2,43,3.5324911480522627,2017-08-19 10:28:06,1
CUST1924,33.0,Female,North,Secondary,Salaried,2014889.6327240388,1601059.5848969624,Other,900.0,2,32,12.070819745888995,2022-09-26 10:31:40,0
CUST1925,63.0,Female,West,Primary,Self-Employed,175263.39653503412,288750.70091077324,Home,706.8836243517891,3,45,5.692869622613374,2017-04-08 19:02:56,0
CUST1926,23.0,Male,West,Secondary,Unemployed,657930.7396419516,153424.3054460059,Other,729.276654962853,2,33,25.820469997940513,2023-09-07 07:29:18,0
CUST1927,53.0,Male,North,Graduate,Salaried,609174.288976913,489747.35706493346,Home,625.8375181773789,2,35,95.0,2023-07-15 21:46:08,0
CUST1928,26.0,Male,East,Post-Graduate,Self-Employed,755805.9735260259,163563.0854986134,Business,596.636681936905,1,38,1.0,2022-02-14 07:54:49,0
CUST1929,,,South,Post-Graduate,,,320447.06941608456,Other,,0,49,19.463259636478853,2018-04-15 20:10:35,0
CUST1930,25.0,Female,East,Graduate,Salaried,751984.5486094942,195307.04784302163,Business,601.7481946389045,0,38,21.31334009875629,2022-06-13 23:51:39,1
CUST1931,43.0,Male,North,Secondary,Salaried,905860.8388973771,144167.9458224974,Business,554.4369994370999,1,35,61.39596803920636,2020-12-13 12:28:12,0
CUST1932,30.0,Other,East,Secondary,Self-Employed,652442.9464473709,168882.74341184308,Car,583.3863077584845,5,53,17.63076402439702,2021-02-26 07:24:00,0
CUST1933,64.0,Female,West,Secondary,Self-Employed,478012.74111066794,377150.7413291669,Other,605.6000489508632,3,34,19.61519755657924,2017-12-17 06:22:59,0
CUST1934,22.0,Female,East,Secondary,Salaried,629016.1299018487,301527.0734842595,Home,581.0909557640362,4,40,15.950040953518485,2021-02-15 00:05:10,0
CUST1935,33.0,Male,North,Graduate,Salaried,468442.52214088454,434026.8155979837,Home,717.6313106622458,1,32,7.83027293719387,2021-07-24 03:22:46,0
CUST1936,60.0,Female,West,Graduate,Self-Employed,435143.2884642497,301520.0065071731,Other,474.16692435407913,1,43,1.441499370133883,2019-06-15 18:51:23,0
CUST1937,22.0,Female,East,Secondary,Salaried,736652.0779006651,92346.06010687296,Car,579.3951670843577,2,38,13.134005283473304,2018-09-15 08:23:32,1
CUST1938,40.0,Male,East,Secondary,Salaried,572189.9360425603,863413.4160293859,Car,646.200204363611,0,49,1.350622156344953,2022-07-05 11:47:07,1
CUST1939,21.0,Female,West,Post-Graduate,Self-Employed,841019.1306900058,304096.8175400959,Car,666.8196976001834,1,32,19.990066801900436,2021-07-16 09:48:36,0
CUST1940,57.0,Female,South,Graduate,Self-Employed,511515.402151286,330645.7807775572,Home,785.3467870019667,1,45,9.178727430312673,2023-05-17 06:24:06,0
CUST1941,29.0,Male,West,Secondary,Self-Employed,531765.0838659978,193667.3726093164,Business,773.6190170210949,1,39,19.06791982568381,2022-04-30 02:49:28,0
CUST1942,37.0,Male,South,Post-Graduate,Self-Employed,486697.80095370556,473499.89790022693,Car,521.9410275244365,1,36,3.6053336058621612,2017-05-05 09:04:53,1
CUST1943,29.0,Male,North,Post-Graduate,Salaried,375963.31226255896,126012.38359950137,Home,497.3561647544336,2,42,67.43887388663092,2017-01-14 18:42:11,0
CUST1944,31.0,Male,North,Secondary,Self-Employed,762884.9797233182,350073.16224204324,Home,651.99770098968,3,38,56.231142675117155,2023-01-13 09:22:10,0
CUST1945,35.0,Male,West,Secondary,Self-Employed,1037142.332922831,69718.43348016145,Business,596.145181082953,0,31,5.267918042453244,2024-10-10 13:33:12,0
CUST1946,44.0,Male,West,Graduate,Salaried,523554.5522867696,364515.77676866617,Other,554.6378926413452,1,43,10.518692988110695,2018-12-20 08:31:22,0
CUST1947,58.0,Male,North,Post-Graduate,Salaried,463900.81126499875,127041.5850289425,Other,651.2896717968523,2,47,23.76511773955652,2024-11-12 22:11:34,0
CUST1948,55.0,Male,South,Post-Graduate,Salaried,450935.3032585819,286701.45081599697,Car,668.4557854667547,1,39,2.5144715752166458,2024-08-08 04:49:50,1
CUST1949,50.0,Female,North,Secondary,Salaried,464053.35447992396,548204.8336086409,Car,582.8825248284658,2,44,10.945878544624584,2017-10-06 01:27:03,1
CUST1950,51.0,Male,West,Secondary,Self-Employed,929956.7372481604,397770.4761005018,Business,600.0732203970005,1,39,7.229155558739859,2015-06-15 19:31:48,0
CUST1951,25.0,Female,North,Graduate,Self-Employed,456303.89604802174,506170.5779686347,Car,589.0366778089881,3,41,61.78004342992261,2024-05-09 20:28:50,0
CUST1952,64.0,Male,West,Graduate,Salaried,482946.639822092,475684.00902736565,Business,617.0807007022976,3,42,47.84998040594086,2024-08-24 01:48:18,1
CUST1953,34.0,Male,West,Secondary,Salaried,351929.1495698056,177270.19167262525,Home,693.315527951179,2,43,21.67756029750926,2019-09-22 19:22:52,0
CUST1954,31.0,Male,North,Post-Graduate,Unemployed,3952378.5286356844,1738331.0021775947,Car,900.0,0,43,18.36727426652701,2020-09-17 12:46:25,0
CUST1955,29.0,Male,South,Graduate,Salaried,586554.0875698027,86253.84058594321,Home,598.7452005201919,1,35,66.74206644345051,2019-10-15 10:35:52,0
CUST1956,54.0,Male,East,Post-Graduate,Salaried,372564.24483948795,160787.3798670982,Education,618.0574285531599,3,41,67.36395928059919,2021-10-02 06:18:03,1
CUST1957,32.0,Female,North,Post-Graduate,Salaried,421434.08053638414,559944.4900964816,Business,649.4598075875888,1,38,87.11185969935555,2021-01-27 09:50:05,0
CUST1958,55.0,Male,East,Graduate,Salaried,906586.6741071115,192716.97070737128,Education,672.0787594329978,1,35,3.3491124202489724,2015-03-06 23:40:10,0
CUST1959,55.0,Female,North,Graduate,Salaried,606541.5512537536,79157.82061912926,Car,813.3806272408633,1,44,4.37544170407281,2015-04-23 07:34:41,1
CUST1960,21.0,Female,East,Graduate,Salaried,620337.0790894595,812782.9269840645,Home,695.7700574086712,2,49,28.23220283669936,2024-02-26 13:42:01,0
CUST1961,60.0,Male,South,Secondary,Salaried,621130.7650052123,340220.8246052296,Car,697.6745077631333,2,36,19.491302233466083,2019-11-28 19:51:04,1
CUST1962,42.0,Male,South,Graduate,Salaried,878925.0776422352,384111.03068437247,Education,628.670958937637,3,48,1.0,2018-03-02 01:58:29,0
CUST1963,49.0,Female,North,Secondary,Salaried,390957.12753585796,134823.02602024697,Car,571.6107363442054,1,41,1.5994679061598194,2018-03-13 19:38:08,0
CUST1964,28.0,Male,West,Graduate,Salaried,520720.8959647091,287918.8481970617,Other,607.7428788120174,2,49,54.749359102385185,2016-03-17 01:14:17,0
CUST1965,31.0,Male,East,Secondary,Self-Employed,566206.9586674978,283380.26932881563,Education,593.1734007828087,1,40,50.789303706411545,2021-12-05 21:08:40,0
CUST1966,61.0,Other,West,Secondary,Self-Employed,255764.83494205517,148317.28654395812,Car,681.3784540443653,2,33,11.050799602955804,2020-04-15 07:11:31,0
CUST1967,57.0,Male,West,Secondary,Salaried,416771.69668373134,219280.7582078365,Home,517.8974861101013,2,46,55.42179700295461,2015-07-09 20:41:04,1
CUST1968,,,West,Primary,,,98688.07252063144,Car,,2,33,22.5150532523102,2017-12-07 22:31:19,0
CUST1969,50.0,Other,South,Graduate,Self-Employed,752042.6992660235,197200.11025922984,Home,640.620832845118,0,36,40.9852720644669,2016-09-25 06:09:13,1
CUST1970,55.0,Male,North,Graduate,Salaried,787413.3750204062,435525.11996430304,Other,708.667858615123,1,32,13.940553777026429,2019-05-02 20:40:54,0
CUST1971,,,North,Graduate,,,155110.18969746723,Car,,0,44,3.0089867519500957,2019-04-30 11:43:54,0
CUST1972,57.0,Male,South,Secondary,Self-Employed,506860.9519762327,762515.9473908382,Other,577.8904228126204,1,40,14.216977388422366,2023-11-29 06:00:33,0
CUST1973,25.0,Male,South,Primary,Self-Employed,242386.90099239344,102574.5461239212,Education,617.4665024769245,3,31,15.279955642353052,2015-09-25 09:19:09,0
CUST1974,39.0,Male,North,Primary,Self-Employed,786386.9084632619,207709.30106792858,Home,615.5480597796939,2,46,20.01520272689831,2015-06-29 06:38:38,0
CUST1975,34.0,Female,West,Secondary,Salaried,819330.4537532192,163757.51111195673,Education,714.5078728859944,1,32,2.789571215502192,2019-10-26 01:39:56,1
CUST1976,46.0,Male,East,Post-Graduate,Self-Employed,816784.1933071216,217921.78678417922,Home,713.7443866445652,2,31,95.0,2021-11-11 03:37:54,0
CUST1977,24.0,Male,East,Secondary,Salaried,920818.2506954479,552873.7030197583,Other,802.4018466828335,2,34,6.997372477118955,2020-08-04 01:01:03,0
CUST1978,45.0,Other,East,Secondary,Self-Employed,684421.7186979811,134500.97164462483,Business,610.3606284385683,2,46,5.533392272511213,2015-04-11 10:52:26,0
CUST1979,62.0,Female,West,Secondary,Salaried,911376.3673093384,185208.53425857067,Car,382.1959522809925,0,29,18.70608288078844,2015-08-14 00:27:23,0
CUST1980,45.0,Female,North,Secondary,Salaried,559905.0781684243,359584.1312216663,Other,617.2461941575345,1,45,19.261948938322607,2021-04-23 22:42:32,0
CUST1981,38.0,Male,South,Graduate,Self-Employed,246597.92699888995,256759.5359131068,Home,668.4526340166685,1,46,14.487460886636924,2024-06-24 20:26:41,0
CUST1982,60.0,Female,North,Graduate,Salaried,772144.9354480235,269710.6426953908,Home,707.1624552841735,1,34,36.94841798609755,2019-04-26 11:31:38,0
CUST1983,28.0,Male,West,Secondary,Salaried,239222.1747982609,136057.6805153166,Home,674.2883417026976,1,46,18.175583868868667,2022-05-06 07:43:46,0
CUST1984,59.0,Male,South,Primary,Unemployed,634040.4098986731,232594.04504447067,Home,610.2977973528241,0,47,23.520699008657147,2021-12-17 23:00:28,0
CUST1985,60.0,Male,West,Secondary,Salaried,791064.7604248511,478756.3441721526,Car,787.1331485932445,0,48,32.160898543476804,2021-01-08 09:28:15,0
CUST1986,34.0,Female,East,Secondary,Salaried,664851.7592070394,92437.4436776873,Education,567.3011359550219,1,29,1.0,2016-12-26 07:47:11,0
CUST1987,52.0,Male,East,Secondary,Salaried,1055648.614116455,159789.80464839953,Business,628.028412115053,1,43,21.13673231271756,2019-11-17 00:16:49,1
CUST1988,58.0,Male,West,Post-Graduate,Self-Employed,206814.20117060438,81689.03181168177,Car,563.6072127311354,0,43,53.896074271026706,2019-08-14 00:28:39,0
CUST1989,53.0,Male,South,Graduate,Self-Employed,583427.8654928169,335100.3835023458,Home,651.5661409672138,3,34,1.0,2015-10-02 11:17:05,0
CUST1990,43.0,Male,South,Graduate,Salaried,603491.0930505311,506501.37997014885,Car,777.1204607018295,2,36,12.987499427244714,2023-04-14 23:40:14,0
CUST1991,35.0,Female,North,Graduate,Self-Employed,331179.43676351727,217499.97348977474,Other,638.725926088095,2,35,65.16921426440742,2016-11-24 05:46:20,1
CUST1992,53.0,Female,East,Graduate,Salaried,369253.4418551429,132811.7500351576,Home,639.2160118325216,1,41,10.891191409133407,2022-08-14 16:16:24,0
CUST1993,45.0,Female,North,Graduate,Self-Employed,430974.27783468,135165.08052998365,Business,514.3230393298193,0,47,15.345871913782346,2022-03-01 11:29:42,0
CUST1994,37.0,Male,North,Graduate,Salaried,380070.5411901475,203163.36239920047,Home,627.0406251367201,2,39,95.0,2023-08-27 11:55:00,0
CUST1995,,Male,West,Graduate,Salaried,,202698.8730570091,Business,,0,40,5.557468299070263,2019-06-03 06:12:08,0
CUST1996,22.0,Male,West,Secondary,Unemployed,479407.01996956806,419617.5864774666,Business,629.9811067474341,1,40,1.6870429122739405,2017-09-21 07:53:21,0
CUST1997,34.0,Male,North,Graduate,Salaried,663581.676819135,162539.18324294005,Education,624.5767828870152,1,42,49.04992468010884,2024-08-03 01:48:21,0
CUST1998,60.0,Male,East,Graduate,Salaried,729886.0932406125,315226.59326783783,Education,738.4571660674635,2,34,50.71212242916242,2023-01-05 04:55:12,0
CUST1999,60.0,Female,West,Post-Graduate,Salaried,716355.7919437778,202140.44002340434,Car,624.9148709623548,1,46,15.970160507727584,2020-03-09 17:06:51,0
