customer_id,annual_income,loan_amount,credit_score,transaction_count,spending_ratio,default_flag,age,employment_type,repayment_history,inflation_rate,unemployment_rate,join_year,join_month,join_day,join_weekday,education_level_encoded,gender_encoded,region_East,region_North,region_South,region_West,purpose_Business,purpose_Car,purpose_Education,purpose_Home,purpose_Other,income_band,good_credit_flag,txn_quantile_bin,txn_kmeans_bin,debt_to_income_ratio,avg_monthly_transactions,spending_to_income_ratio
CUST00001,634600.0,225000.0,765.0,3,29.67,0,59.0,Salaried,3,5.9,7.2,2022,9,5,Monday,1.0,1,True,False,False,False,False,False,True,False,False,Medium,1,Q1,2,0.3546,0.5,29.67
CUST00002,158000.0,48900.0,673.0,9,34.02,0,49.0,Salaried,1,5.1,5.8,2021,9,16,Thursday,2.0,0,False,False,False,True,False,True,False,False,False,Low,0,Q1,2,0.3095,1.5,34.02
CUST00003,480600.0,63600.0,493.0,33,71.37,0,35.0,Self-Employed,3,5.4,6.1,2024,8,21,Wednesday,2.0,2,False,True,False,False,False,False,False,True,False,Medium,0,Q2,1,0.1323,5.5,71.37
CUST00004,500000.0,20000.0,687.0,9,15.1,0,63.0,Salaried,1,5.4,6.1,2024,3,16,Saturday,3.0,0,False,True,False,False,False,False,False,True,False,Medium,0,Q1,2,0.04,1.5,15.1
CUST00005,745100.0,281700.0,734.0,32,8.41,0,28.0,Salaried,2,5.9,7.2,2023,1,22,Sunday,0.0,0,True,False,False,False,False,True,False,False,False,High,1,Q2,1,0.3781,5.33,8.41
CUST00006,531300.0,311500.0,644.0,7,92.57,0,41.0,Salaried,0,5.4,6.1,2025,8,22,Friday,3.0,1,False,True,False,False,False,False,True,False,False,Medium,0,Q1,2,0.5863,1.17,92.57
CUST00007,859300.0,369700.0,790.0,7,12.8,0,59.0,Salaried,2,5.4,6.1,2021,3,16,Tuesday,2.0,1,False,True,False,False,False,True,False,False,False,High,1,Q1,2,0.4302,1.17,12.8
CUST00008,583200.0,291700.0,719.0,91,49.76,0,39.0,Self-Employed,1,5.4,6.1,2019,1,2,Wednesday,2.0,1,False,True,False,False,False,True,False,False,False,Medium,1,Q4,0,0.5002,15.17,49.76
CUST00009,986000.0,302600.0,695.0,32,99.61,1,43.0,Salaried,4,5.4,6.1,2020,11,8,Sunday,2.0,1,False,True,False,False,False,True,False,False,False,Very High,0,Q2,1,0.3069,5.33,99.61
CUST00010,717640.0,147400.0,737.0,6,18.81,0,31.0,Salaried,1,5.4,6.1,2022,5,9,Monday,2.0,1,False,True,False,False,False,False,True,False,False,High,1,Q1,2,0.2054,1.0,18.81
CUST00011,521800.0,104200.0,677.0,79,27.82,0,31.0,Salaried,2,4.8,5.3,2020,5,23,Saturday,1.0,0,False,False,True,False,False,False,False,False,True,Medium,0,Q4,0,0.1997,13.17,27.82
CUST00012,709300.0,294200.0,652.6,33,48.23,0,44.0,Salaried,1,4.8,5.3,2025,1,1,Wednesday,2.0,1,False,False,True,False,False,False,False,True,False,High,0,Q2,1,0.4148,5.5,48.23
CUST00013,377900.0,158800.0,610.0,74,46.53,0,56.0,Salaried,3,5.1,5.8,2019,8,11,Sunday,2.0,1,False,False,False,True,False,True,False,False,False,Low,0,Q4,0,0.4202,12.33,46.53
CUST00014,342700.0,50300.0,746.0,33,11.11,0,60.0,Salaried,1,4.8,5.3,2022,2,28,Monday,2.0,0,False,False,True,False,False,False,False,True,False,Low,1,Q2,1,0.1468,5.5,11.11
CUST00015,368400.0,144000.0,585.0,34,54.97,0,44.0,Salaried,2,5.9,7.2,2020,10,3,Saturday,3.0,1,True,False,False,False,False,False,True,False,False,Low,0,Q2,1,0.3909,5.67,54.97
CUST00016,349000.0,179600.0,632.0,76,21.17,0,44.0,Self-Employed,2,5.4,6.1,2023,1,11,Wednesday,1.0,0,False,True,False,False,True,False,False,False,False,Low,0,Q4,0,0.5146,12.67,21.17
CUST00017,618600.0,216600.0,566.0,6,67.45,0,42.0,Salaried,3,5.4,6.1,2024,6,26,Wednesday,3.0,0,False,True,False,False,False,False,False,False,True,Medium,0,Q1,2,0.3501,1.0,67.45
CUST00018,214100.0,97800.0,793.0,26,39.89,0,22.0,Salaried,1,5.9,7.2,2019,5,19,Sunday,0.0,2,True,False,False,False,False,False,False,True,False,Low,1,Q2,1,0.4568,4.33,39.89
CUST00019,242800.0,69000.0,785.0,51,13.23,0,44.0,Salaried,2,5.4,6.1,2024,4,5,Friday,0.0,0,False,True,False,False,False,False,False,False,True,Low,1,Q4,1,0.2842,8.5,13.23
CUST00020,1130600.0,378400.0,579.0,7,34.5,0,64.0,Self-Employed,3,4.8,5.3,2021,8,22,Sunday,0.0,0,False,False,True,False,False,False,False,True,False,Very High,0,Q1,2,0.3347,1.17,34.5
CUST00021,352800.0,26800.0,662.0,3,7.23,0,50.0,Salaried,1,5.9,7.2,2021,9,27,Monday,1.0,2,True,False,False,False,False,False,True,False,False,Low,0,Q1,2,0.076,0.5,7.23
CUST00022,535000.0,108900.0,596.0,11,53.03,1,58.0,Salaried,2,5.9,7.2,2020,7,6,Monday,2.0,0,True,False,False,False,False,False,False,True,False,Medium,0,Q2,2,0.2036,1.83,53.03
CUST00023,250200.0,20000.0,628.2,31,10.97,0,22.0,Salaried,1,5.4,6.1,2019,6,11,Tuesday,0.0,1,False,True,False,False,True,False,False,False,False,Low,0,Q2,1,0.0799,5.17,10.97
CUST00024,510100.0,80700.0,691.0,34,38.06,0,41.0,Unemployed,3,4.8,5.3,2022,3,28,Monday,0.0,1,False,False,True,False,False,False,True,False,False,Medium,0,Q2,1,0.1582,5.67,38.06
CUST00025,353800.0,81800.0,715.0,24,54.28,0,53.0,Salaried,3,5.9,7.2,2020,12,19,Saturday,3.0,1,True,False,False,False,False,False,True,False,False,Low,1,Q2,1,0.2312,4.0,54.28
CUST00026,242000.0,83700.0,677.0,2,26.92,0,32.0,Self-Employed,3,5.4,6.1,2022,1,26,Wednesday,3.0,1,False,True,False,False,True,False,False,False,False,Low,0,Q1,2,0.3459,0.33,26.92
CUST00027,892400.0,133500.0,850.0,37,32.82,0,42.0,Salaried,1,5.9,7.2,2025,8,26,Tuesday,2.0,0,True,False,False,False,False,False,False,True,False,High,1,Q3,1,0.1496,6.17,32.82
CUST00028,832500.0,504150.0,568.0,77,56.61,1,64.0,Salaried,3,5.9,7.2,2020,3,25,Wednesday,3.0,0,True,False,False,False,False,False,False,True,False,High,0,Q4,0,0.6056,12.83,56.61
CUST00029,465900.0,68900.0,513.0,42,39.88,0,45.0,Self-Employed,1,5.1,5.8,2019,9,5,Thursday,2.0,0,False,False,False,True,True,False,False,False,False,Medium,0,Q3,1,0.1479,7.0,39.88
CUST00030,766600.0,82000.0,619.0,38,25.08,0,47.0,Salaried,3,5.4,6.1,2024,8,13,Tuesday,1.0,1,False,True,False,False,False,True,False,False,False,High,0,Q3,1,0.107,6.33,25.08
CUST00031,1151400.0,158500.0,525.0,38,14.72,1,62.0,Self-Employed,4,5.1,5.8,2025,1,27,Monday,1.0,0,False,False,False,True,False,False,False,True,False,Very High,0,Q3,1,0.1377,6.33,14.72
CUST00032,686500.0,198100.0,531.0,31,66.9,0,48.0,Self-Employed,1,4.8,5.3,2025,12,26,Friday,2.0,0,False,False,True,False,False,True,False,False,False,High,0,Q2,1,0.2886,5.17,66.9
CUST00033,606700.0,168600.0,570.0,34,32.18,0,36.0,Self-Employed,0,4.8,5.3,2020,11,13,Friday,1.0,0,False,False,True,False,False,False,True,False,False,Medium,0,Q2,1,0.2779,5.67,32.18
CUST00034,534700.0,203000.0,576.0,88,16.86,0,35.0,Salaried,0,5.4,6.1,2024,3,15,Friday,2.0,0,False,True,False,False,False,False,False,True,False,Medium,0,Q4,0,0.3797,14.67,16.86
CUST00035,654900.0,207300.0,574.0,44,7.46,1,64.0,Salaried,2,5.9,7.2,2021,1,10,Sunday,0.0,0,True,False,False,False,False,False,False,True,False,High,0,Q3,1,0.3165,7.33,7.46
CUST00036,415100.0,304400.0,691.0,86,32.66,1,23.0,Salaried,3,5.4,6.1,2023,6,2,Friday,1.0,1,False,True,False,False,False,False,False,True,False,Medium,0,Q4,0,0.7333,14.33,32.66
CUST00037,431700.0,28300.0,610.0,4,26.0,0,57.0,Self-Employed,1,4.8,5.3,2024,10,16,Wednesday,2.0,0,False,False,True,False,False,True,False,False,False,Medium,0,Q1,2,0.0656,0.67,26.0
CUST00038,598900.0,147200.0,636.0,12,14.86,0,27.0,Self-Employed,0,5.4,6.1,2019,5,1,Wednesday,2.0,1,False,True,False,False,True,False,False,False,False,Medium,0,Q2,2,0.2458,2.0,14.86
CUST00039,395000.0,20000.0,722.0,5,40.4,0,41.0,Self-Employed,0,5.1,5.8,2020,10,9,Friday,2.0,1,False,False,False,True,False,False,False,False,True,Medium,1,Q1,2,0.0506,0.83,40.4
CUST00040,414700.0,126000.0,589.0,36,15.02,0,29.0,Salaried,1,5.9,7.2,2023,8,25,Friday,2.0,0,True,False,False,False,False,False,True,False,False,Medium,0,Q3,1,0.3038,6.0,15.02
CUST00041,489000.0,20000.0,629.0,23,77.76,0,59.0,Salaried,1,5.9,7.2,2021,7,10,Saturday,0.0,1,True,False,False,False,False,False,False,True,False,Medium,0,Q2,1,0.0409,3.83,77.76
CUST00042,820600.0,411500.0,679.0,9,21.02,0,38.0,Salaried,1,4.8,5.3,2021,5,6,Thursday,1.0,0,False,False,True,False,False,False,False,False,True,High,0,Q1,2,0.5015,1.5,21.02
CUST00043,293700.0,102200.0,495.0,10,7.33,0,24.0,Self-Employed,0,5.4,6.1,2025,10,13,Monday,3.0,1,False,True,False,False,False,True,False,False,False,Low,0,Q1,2,0.348,1.67,7.33
CUST00044,688100.0,255800.0,459.0,90,34.71,0,45.0,Salaried,5,5.9,7.2,2024,5,7,Tuesday,2.0,0,True,False,False,False,False,False,False,True,False,High,0,Q4,0,0.3717,15.0,34.71
CUST00045,698200.0,269000.0,678.0,94,55.96,0,44.0,Salaried,2,4.8,5.3,2019,11,25,Monday,1.0,1,False,False,True,False,False,False,False,False,True,High,0,Q4,0,0.3853,15.67,55.96
CUST00046,696400.0,82700.0,689.0,34,11.65,0,29.0,Self-Employed,2,5.4,6.1,2023,1,17,Tuesday,3.0,2,False,True,False,False,True,False,False,False,False,High,0,Q2,1,0.1188,5.67,11.65
CUST00047,340100.0,58100.0,815.0,38,47.1,0,46.0,Salaried,1,5.9,7.2,2023,5,4,Thursday,1.0,0,True,False,False,False,True,False,False,False,False,Low,1,Q3,1,0.1708,6.33,47.1
CUST00048,228300.0,20000.0,663.0,32,51.61,0,22.0,Salaried,1,5.1,5.8,2022,6,4,Saturday,2.0,1,False,False,False,True,True,False,False,False,False,Low,0,Q2,1,0.0876,5.33,51.61
CUST00049,629000.0,317700.0,716.0,35,32.35,0,40.0,Salaried,1,5.9,7.2,2019,6,14,Friday,1.0,1,True,False,False,False,False,False,False,True,False,Medium,1,Q3,1,0.5051,5.83,32.35
CUST00050,532000.0,93900.0,634.0,102,84.34,0,44.0,Salaried,2,5.9,7.2,2021,3,22,Monday,2.0,2,True,False,False,False,False,False,False,True,False,Medium,0,Q4,0,0.1765,17.0,84.34
CUST00051,768300.0,97100.0,674.0,7,15.46,0,27.0,Salaried,0,5.1,5.8,2021,10,1,Friday,2.0,1,False,False,False,True,False,False,True,False,False,High,0,Q1,2,0.1264,1.17,15.46
CUST00052,356700.0,288100.0,783.0,41,12.19,0,64.0,Salaried,1,5.4,6.1,2022,8,1,Monday,1.0,1,False,True,False,False,False,False,False,True,False,Low,1,Q3,1,0.8077,6.83,12.19
CUST00053,688400.0,20000.0,480.0,5,19.24,0,28.0,Salaried,0,5.9,7.2,2020,1,10,Friday,3.0,1,True,False,False,False,False,True,False,False,False,High,0,Q1,2,0.0291,0.83,19.24
CUST00054,785800.0,337700.0,683.0,36,23.21,0,55.0,Salaried,0,5.1,5.8,2020,12,18,Friday,2.0,1,False,False,False,True,True,False,False,False,False,High,0,Q3,1,0.4298,6.0,23.21
CUST00055,468400.0,176600.0,821.0,46,21.89,0,34.0,Self-Employed,3,5.4,6.1,2024,4,20,Saturday,1.0,0,False,True,False,False,True,False,False,False,False,Medium,1,Q4,1,0.377,7.67,21.89
CUST00056,589800.0,143200.0,673.0,39,14.16,0,37.0,Salaried,0,5.9,7.2,2019,10,16,Wednesday,1.0,0,True,False,False,False,False,True,False,False,False,Medium,0,Q3,1,0.2428,6.5,14.16
CUST00057,580600.0,119000.0,782.0,11,20.8,0,56.0,Salaried,2,5.9,7.2,2022,10,9,Sunday,1.0,1,True,False,False,False,True,False,False,False,False,Medium,1,Q2,2,0.205,1.83,20.8
CUST00058,337800.0,95400.0,600.0,29,29.41,0,60.0,Unemployed,3,5.9,7.2,2025,6,19,Thursday,0.0,1,True,False,False,False,True,False,False,False,False,Low,0,Q2,1,0.2824,4.83,29.41
CUST00059,620900.0,407200.0,647.0,9,49.06,0,24.0,Salaried,2,5.9,7.2,2025,5,28,Wednesday,2.0,0,True,False,False,False,False,False,True,False,False,Medium,0,Q1,2,0.6558,1.5,49.06
CUST00060,1014700.0,315100.0,653.0,7,35.43,0,22.0,Salaried,2,5.1,5.8,2023,1,21,Saturday,3.0,1,False,False,False,True,False,False,False,True,False,Very High,0,Q1,2,0.3105,1.17,35.43
CUST00061,493900.0,273100.0,473.0,5,49.6,0,26.0,Salaried,0,5.1,5.8,2019,5,17,Friday,2.0,1,False,False,False,True,False,False,False,True,False,Medium,0,Q1,2,0.5529,0.83,49.6
CUST00062,253400.0,116300.0,646.4,33,17.88,0,62.0,Unemployed,3,5.4,6.1,2019,12,22,Sunday,1.0,0,False,True,False,False,False,True,False,False,False,Low,0,Q2,1,0.459,5.5,17.88
CUST00063,358900.0,130700.0,300.0,30,28.38,1,24.0,Self-Employed,0,5.1,5.8,2020,2,13,Thursday,0.0,0,False,False,False,True,False,False,False,True,False,Low,0,Q2,1,0.3642,5.0,28.38
CUST00064,219500.0,20000.0,716.0,25,22.31,0,49.0,Self-Employed,1,5.4,6.1,2020,1,3,Friday,1.0,0,False,True,False,False,False,False,False,True,False,Low,1,Q2,1,0.0911,4.17,22.31
CUST00065,873800.0,148300.0,720.0,39,9.14,0,38.0,Self-Employed,2,4.8,5.3,2025,12,10,Wednesday,2.0,0,False,False,True,False,False,False,False,True,False,High,1,Q3,1,0.1697,6.5,9.14
CUST00066,689600.0,443600.0,676.0,37,3.54,0,46.0,Salaried,2,4.8,5.3,2019,6,15,Saturday,2.0,1,False,False,True,False,False,True,False,False,False,High,0,Q3,1,0.6433,6.17,3.54
CUST00067,390200.0,122000.0,716.0,36,16.98,0,64.0,Self-Employed,1,4.8,5.3,2024,8,30,Friday,1.0,0,False,False,True,False,False,False,False,False,True,Medium,1,Q3,1,0.3127,6.0,16.98
CUST00068,258300.0,36400.0,637.0,32,44.54,0,54.0,Salaried,1,4.8,5.3,2021,3,5,Friday,2.0,1,False,False,True,False,False,False,False,True,False,Low,0,Q2,1,0.1409,5.33,44.54
CUST00069,336100.0,219300.0,746.0,37,34.38,0,30.0,Unemployed,0,5.1,5.8,2019,10,22,Tuesday,3.0,1,False,False,False,True,True,False,False,False,False,Low,1,Q3,1,0.6525,6.17,34.38
CUST00070,366900.0,34900.0,651.0,28,30.5,0,56.0,Salaried,4,5.9,7.2,2020,5,19,Tuesday,2.0,1,True,False,False,False,False,False,True,False,False,Low,0,Q2,1,0.0951,4.67,30.5
CUST00071,513600.0,221100.0,655.0,35,66.64,0,44.0,Salaried,3,5.9,7.2,2020,10,13,Tuesday,3.0,1,True,False,False,False,False,False,False,True,False,Medium,0,Q3,1,0.4305,5.83,66.64
CUST00072,505900.0,106200.0,629.0,86,14.88,0,51.0,Salaried,2,5.4,6.1,2019,12,2,Monday,2.0,0,False,True,False,False,False,False,False,False,True,Medium,0,Q4,0,0.2099,14.33,14.88
CUST00073,894200.0,94900.0,705.0,93,36.92,1,35.0,Self-Employed,2,5.1,5.8,2019,6,22,Saturday,2.0,1,False,False,False,True,False,False,True,False,False,High,1,Q4,0,0.1061,15.5,36.92
CUST00074,358000.0,213600.0,616.0,6,21.88,0,28.0,Salaried,4,5.1,5.8,2025,12,7,Sunday,2.0,1,False,False,False,True,False,True,False,False,False,Low,0,Q1,2,0.5966,1.0,21.88
CUST00075,248000.0,62000.0,728.0,11,38.05,0,34.0,Self-Employed,2,5.1,5.8,2024,10,26,Saturday,2.0,1,False,False,False,True,True,False,False,False,False,Low,1,Q2,2,0.25,1.83,38.05
CUST00076,290500.0,85500.0,559.0,42,54.35,0,43.0,Self-Employed,2,5.4,6.1,2023,1,31,Tuesday,1.0,1,False,True,False,False,False,False,False,True,False,Low,0,Q3,1,0.2943,7.0,54.35
CUST00077,483900.0,75200.0,562.0,8,9.47,0,60.0,Salaried,1,5.4,6.1,2023,2,17,Friday,1.0,0,False,True,False,False,False,False,True,False,False,Medium,0,Q1,2,0.1554,1.33,9.47
CUST00078,352200.0,84400.0,705.0,6,46.15,0,41.0,Self-Employed,2,5.4,6.1,2025,8,17,Sunday,1.0,1,False,True,False,False,False,False,False,True,False,Low,1,Q1,2,0.2396,1.0,46.15
CUST00079,428700.0,161300.0,643.0,97,35.41,0,44.0,Self-Employed,1,5.4,6.1,2022,7,1,Friday,2.0,0,False,True,False,False,True,False,False,False,False,Medium,0,Q4,0,0.3763,16.17,35.41
CUST00080,368500.0,115200.0,614.0,7,19.4,0,38.0,Self-Employed,3,4.8,5.3,2021,5,19,Wednesday,1.0,1,False,False,True,False,False,True,False,False,False,Low,0,Q1,2,0.3126,1.17,19.4
CUST00081,763500.0,134800.0,721.0,86,3.13,1,44.0,Salaried,4,5.1,5.8,2023,9,14,Thursday,3.0,1,False,False,False,True,False,False,True,False,False,High,1,Q4,0,0.1766,14.33,3.13
CUST00082,375400.0,118900.0,601.0,37,30.31,0,46.0,Salaried,2,4.8,5.3,2019,10,3,Thursday,2.0,0,False,False,True,False,False,False,False,True,False,Low,0,Q3,1,0.3167,6.17,30.31
CUST00083,412600.0,141300.0,634.0,28,124.81,0,45.0,Salaried,2,5.4,6.1,2025,4,30,Wednesday,2.0,1,False,True,False,False,False,False,True,False,False,Medium,0,Q2,1,0.3425,4.67,124.81
CUST00084,675200.0,318800.0,762.0,12,6.75,0,61.0,Salaried,0,4.8,5.3,2024,2,6,Tuesday,1.0,0,False,False,True,False,True,False,False,False,False,High,1,Q2,2,0.4722,2.0,6.75
CUST00085,379200.0,93700.0,773.0,11,8.81,0,49.0,Self-Employed,0,5.4,6.1,2025,2,17,Monday,3.0,1,False,True,False,False,False,True,False,False,False,Low,1,Q2,2,0.2471,1.83,8.81
CUST00086,571180.0,142300.0,776.0,30,35.64,0,35.0,Salaried,0,5.4,6.1,2020,3,10,Tuesday,3.0,1,False,True,False,False,False,False,True,False,False,Medium,1,Q2,1,0.2491,5.0,35.64
CUST00087,567600.0,120100.0,627.0,8,8.87,0,21.0,Self-Employed,3,5.4,6.1,2024,3,30,Saturday,2.0,0,False,True,False,False,False,True,False,False,False,Medium,0,Q1,2,0.2116,1.33,8.87
CUST00088,693600.0,504150.0,748.0,5,49.35,0,45.0,Salaried,2,5.4,6.1,2019,1,28,Monday,1.0,1,False,True,False,False,True,False,False,False,False,High,1,Q1,2,0.7269,0.83,49.35
CUST00089,293500.0,69900.0,574.0,9,33.78,0,27.0,Salaried,2,5.1,5.8,2025,12,12,Friday,2.0,1,False,False,False,True,False,True,False,False,False,Low,0,Q1,2,0.2382,1.5,33.78
CUST00090,850300.0,443200.0,300.0,12,12.07,0,29.0,Self-Employed,0,5.1,5.8,2022,7,15,Friday,1.0,0,False,False,False,True,True,False,False,False,False,High,0,Q2,2,0.5212,2.0,12.07
CUST00091,1152675.0,249000.0,462.0,14,15.05,1,44.0,Self-Employed,4,4.8,5.3,2022,3,17,Thursday,1.0,1,False,False,True,False,True,False,False,False,False,Very High,0,Q2,2,0.216,2.33,15.05
CUST00092,490900.0,195000.0,784.0,37,7.17,0,21.0,Salaried,3,4.8,5.3,2025,3,14,Friday,2.0,0,False,False,True,False,False,True,False,False,False,Medium,1,Q3,1,0.3972,6.17,7.17
CUST00093,305300.0,20400.0,581.0,6,58.01,0,64.0,Salaried,1,5.1,5.8,2023,5,23,Tuesday,2.0,1,False,False,False,True,False,False,False,True,False,Low,0,Q1,2,0.0668,1.0,58.01
CUST00094,495400.0,179000.0,640.0,11,58.73,0,28.0,Salaried,2,5.4,6.1,2024,7,30,Tuesday,2.0,0,False,True,False,False,False,True,False,False,False,Medium,0,Q2,2,0.3613,1.83,58.73
CUST00095,763300.0,84400.0,577.0,33,65.52,0,44.0,Salaried,2,5.4,6.1,2025,7,17,Thursday,3.0,0,False,True,False,False,True,False,False,False,False,High,0,Q2,1,0.1106,5.5,65.52
CUST00096,721020.0,332000.0,706.0,86,18.1,1,44.0,Salaried,3,5.1,5.8,2022,2,20,Sunday,2.0,0,False,False,False,True,False,False,False,True,False,High,1,Q4,0,0.4605,14.33,18.1
CUST00097,461400.0,190800.0,620.0,5,13.75,0,37.0,Salaried,0,5.4,6.1,2022,10,16,Sunday,2.0,0,False,True,False,False,False,False,True,False,False,Medium,0,Q1,2,0.4135,0.83,13.75
CUST00098,569900.0,200400.0,546.0,4,31.03,0,28.0,Salaried,0,5.9,7.2,2024,8,18,Sunday,1.0,1,True,False,False,False,True,False,False,False,False,Medium,0,Q1,2,0.3516,0.67,31.03
CUST00099,840200.0,308000.0,685.0,27,53.17,0,55.0,Self-Employed,1,5.9,7.2,2021,12,5,Sunday,3.0,0,True,False,False,False,False,True,False,False,False,High,0,Q2,1,0.3666,4.5,53.17
CUST00100,693100.0,286300.0,535.0,93,13.46,0,55.0,Salaried,5,4.8,5.3,2022,3,15,Tuesday,0.0,1,False,False,True,False,False,False,True,False,False,High,0,Q4,0,0.4131,15.5,13.46
CUST00101,706200.0,237800.0,656.2,50,11.7,0,53.0,Salaried,2,4.8,5.3,2022,8,30,Tuesday,3.0,1,False,False,True,False,False,False,False,True,False,High,0,Q4,1,0.3367,8.33,11.7
CUST00102,403600.0,20000.0,481.0,36,48.35,0,25.0,Salaried,0,5.1,5.8,2021,9,17,Friday,3.0,1,False,False,False,True,False,False,False,True,False,Medium,0,Q3,1,0.0496,6.0,48.35
CUST00103,585900.0,171200.0,536.0,16,9.3,0,62.0,Self-Employed,2,5.4,6.1,2024,11,6,Wednesday,1.0,1,False,True,False,False,True,False,False,False,False,Medium,0,Q2,2,0.2922,2.67,9.3
CUST00104,353300.0,124800.0,664.0,31,35.62,0,59.0,Salaried,3,5.4,6.1,2024,3,2,Saturday,2.0,1,False,True,False,False,False,False,False,True,False,Low,0,Q2,1,0.3532,5.17,35.62
CUST00105,715300.0,348200.0,493.0,7,23.85,0,61.0,Salaried,0,5.9,7.2,2022,2,21,Monday,3.0,0,True,False,False,False,False,False,False,True,False,High,0,Q1,2,0.4868,1.17,23.85
CUST00106,820800.0,344600.0,532.0,33,17.32,0,48.0,Self-Employed,2,4.8,5.3,2023,12,28,Thursday,2.0,0,False,False,True,False,True,False,False,False,False,High,0,Q2,1,0.4198,5.5,17.32
CUST00107,627200.0,325700.0,650.0,30,26.11,0,27.0,Salaried,3,5.4,6.1,2025,1,13,Monday,3.0,1,False,True,False,False,False,True,False,False,False,Medium,0,Q2,1,0.5193,5.0,26.11
CUST00108,414400.0,259500.0,607.0,96,25.22,0,29.0,Salaried,2,5.1,5.8,2019,7,28,Sunday,3.0,1,False,False,False,True,False,False,False,False,True,Medium,0,Q4,0,0.6262,16.0,25.22
CUST00109,446100.0,298000.0,809.0,6,38.39,0,28.0,Salaried,8,4.8,5.3,2025,4,17,Thursday,2.0,0,False,False,True,False,False,False,False,False,True,Medium,1,Q1,2,0.668,1.0,38.39
CUST00110,1102300.0,161500.0,797.0,8,40.13,0,44.0,Salaried,2,5.1,5.8,2025,7,18,Friday,1.0,1,False,False,False,True,False,False,False,True,False,Very High,1,Q1,2,0.1465,1.33,40.13
CUST00111,417600.0,116800.0,581.0,29,2.08,0,54.0,Self-Employed,1,5.1,5.8,2020,9,27,Sunday,3.0,1,False,False,False,True,False,False,False,True,False,Medium,0,Q2,1,0.2797,4.83,2.08
CUST00112,784300.0,280100.0,695.0,35,70.24,0,53.0,Self-Employed,1,5.9,7.2,2025,3,20,Thursday,2.0,1,True,False,False,False,True,False,False,False,False,High,0,Q3,1,0.3571,5.83,70.24
CUST00113,569500.0,238200.0,710.0,48,34.05,0,43.0,Salaried,0,4.8,5.3,2020,1,12,Sunday,1.0,1,False,False,True,False,False,True,False,False,False,Medium,1,Q4,1,0.4183,8.0,34.05
CUST00114,420700.0,138800.0,602.0,10,47.21,0,44.0,Self-Employed,0,5.1,5.8,2024,8,28,Wednesday,0.0,0,False,False,False,True,False,False,False,True,False,Medium,0,Q1,2,0.3299,1.67,47.21
CUST00115,1152675.0,504150.0,673.8,3,45.06,0,57.0,Salaried,0,5.4,6.1,2022,2,27,Sunday,2.0,0,False,True,False,False,True,False,False,False,False,Very High,0,Q1,2,0.4374,0.5,45.06
CUST00116,537800.0,250900.0,649.0,29,66.71,0,44.0,Salaried,1,5.9,7.2,2021,12,19,Sunday,3.0,1,True,False,False,False,False,False,False,True,False,Medium,0,Q2,1,0.4665,4.83,66.71
CUST00117,509400.0,268700.0,636.0,5,59.16,0,64.0,Salaried,1,5.4,6.1,2019,3,31,Sunday,3.0,1,False,True,False,False,True,False,False,False,False,Medium,0,Q1,2,0.5275,0.83,59.16
CUST00118,1102300.0,504150.0,615.0,89,56.68,0,60.0,Salaried,3,4.8,5.3,2022,4,16,Saturday,2.0,1,False,False,True,False,False,False,False,True,False,Very High,0,Q4,0,0.4574,14.83,56.68
CUST00119,332000.0,107300.0,685.0,28,10.55,0,42.0,Salaried,1,4.8,5.3,2019,4,25,Thursday,1.0,1,False,False,True,False,False,False,False,True,False,Low,0,Q2,1,0.3232,4.67,10.55
CUST00120,1152675.0,316000.0,590.0,35,42.43,0,47.0,Salaried,1,5.1,5.8,2023,11,30,Thursday,1.0,2,False,False,False,True,False,False,False,True,False,Very High,0,Q3,1,0.2741,5.83,42.43
CUST00121,579800.0,172900.0,558.0,55,3.55,0,55.0,Salaried,1,5.1,5.8,2022,10,21,Friday,3.0,1,False,False,False,True,False,False,False,False,True,Medium,0,Q4,1,0.2982,9.17,3.55
CUST00122,579600.0,60200.0,659.0,48,54.83,0,21.0,Salaried,0,5.4,6.1,2025,12,17,Wednesday,1.0,1,False,True,False,False,False,False,True,False,False,Medium,0,Q4,1,0.1039,8.0,54.83
CUST00123,374400.0,82300.0,681.0,8,21.92,0,55.0,Self-Employed,2,5.4,6.1,2022,12,8,Thursday,1.0,1,False,True,False,False,True,False,False,False,False,Low,0,Q1,2,0.2198,1.33,21.92
CUST00124,563300.0,179500.0,556.0,93,29.06,0,44.0,Salaried,4,5.9,7.2,2022,2,14,Monday,1.0,0,True,False,False,False,False,True,False,False,False,Medium,0,Q4,0,0.3187,15.5,29.06
CUST00125,604900.0,205400.0,724.0,14,36.33,0,34.0,Unemployed,2,4.8,5.3,2024,5,19,Sunday,2.0,2,False,False,True,False,False,True,False,False,False,Medium,1,Q2,2,0.3396,2.33,36.33
CUST00126,745500.0,294800.0,508.0,29,51.16,0,23.0,Salaried,2,5.4,6.1,2025,2,3,Monday,3.0,0,False,True,False,False,False,False,False,True,False,High,0,Q2,1,0.3954,4.83,51.16
CUST00127,314800.0,200900.0,604.0,5,71.46,0,21.0,Self-Employed,1,5.9,7.2,2021,10,22,Friday,1.0,1,True,False,False,False,False,True,False,False,False,Low,0,Q1,2,0.6382,0.83,71.46
CUST00128,920800.0,180200.0,629.0,38,71.72,0,25.0,Self-Employed,1,4.8,5.3,2020,6,15,Monday,2.0,1,False,False,True,False,False,False,True,False,False,Very High,0,Q3,1,0.1957,6.33,71.72
CUST00129,575300.0,24700.0,599.0,7,7.15,0,46.0,Self-Employed,1,5.1,5.8,2024,10,24,Thursday,2.0,1,False,False,False,True,False,False,True,False,False,Medium,0,Q1,2,0.0429,1.17,7.15
CUST00130,642900.0,426400.0,605.0,6,30.27,0,34.0,Salaried,1,5.4,6.1,2021,7,15,Thursday,3.0,0,False,True,False,False,False,False,False,True,False,High,0,Q1,2,0.6632,1.0,30.27
CUST00131,442700.0,94900.0,800.0,80,9.18,0,59.0,Self-Employed,2,4.8,5.3,2020,8,26,Wednesday,1.0,0,False,False,True,False,False,False,False,False,True,Medium,1,Q4,0,0.2144,13.33,9.18
CUST00132,322000.0,118800.0,582.0,9,15.02,0,47.0,Salaried,2,4.8,5.3,2021,3,4,Thursday,2.0,0,False,False,True,False,False,False,False,True,False,Low,0,Q1,2,0.3689,1.5,15.02
CUST00133,505200.0,241300.0,845.0,39,73.41,0,29.0,Salaried,2,5.1,5.8,2023,6,16,Friday,1.0,0,False,False,False,True,False,False,False,False,True,Medium,1,Q3,1,0.4776,6.5,73.41
CUST00134,531900.0,191900.0,685.0,88,88.03,0,35.0,Salaried,5,4.8,5.3,2022,11,26,Saturday,3.0,0,False,False,True,False,False,False,False,True,False,Medium,0,Q4,0,0.3608,14.67,88.03
CUST00135,262100.0,240100.0,657.0,6,42.3,0,35.0,Salaried,4,5.9,7.2,2019,5,2,Thursday,2.0,0,True,False,False,False,False,True,False,False,False,Low,0,Q1,2,0.9161,1.0,42.3
CUST00136,337600.0,20000.0,688.0,37,35.09,0,46.0,Salaried,5,5.4,6.1,2020,10,4,Sunday,1.0,2,False,True,False,False,False,True,False,False,False,Low,0,Q3,1,0.0592,6.17,35.09
CUST00137,765600.0,241400.0,850.0,13,42.76,0,62.0,Unemployed,3,5.1,5.8,2020,12,8,Tuesday,2.0,0,False,False,False,True,False,True,False,False,False,High,1,Q2,2,0.3153,2.17,42.76
CUST00138,352100.0,217500.0,632.8,7,69.25,0,33.0,Self-Employed,2,4.8,5.3,2021,10,13,Wednesday,2.0,0,False,False,True,False,False,False,True,False,False,Low,0,Q1,2,0.6177,1.17,69.25
CUST00139,308600.0,53400.0,560.0,38,42.2,0,52.0,Salaried,1,5.4,6.1,2022,5,17,Tuesday,0.0,0,False,True,False,False,False,True,False,False,False,Low,0,Q3,1,0.173,6.33,42.2
CUST00140,426600.0,226800.0,590.0,96,10.27,0,59.0,Unemployed,2,5.9,7.2,2025,4,11,Friday,3.0,1,True,False,False,False,False,True,False,False,False,Medium,0,Q4,0,0.5316,16.0,10.27
CUST00141,494200.0,20000.0,653.0,8,27.27,0,52.0,Salaried,3,5.4,6.1,2019,7,22,Monday,1.0,0,False,True,False,False,True,False,False,False,False,Medium,0,Q1,2,0.0405,1.33,27.27
CUST00142,434100.0,152500.0,512.0,30,24.49,0,24.0,Unemployed,0,5.4,6.1,2023,12,12,Tuesday,2.0,1,False,True,False,False,False,False,True,False,False,Medium,0,Q2,1,0.3513,5.0,24.49
CUST00143,475700.0,186300.0,652.0,38,12.52,0,50.0,Salaried,2,5.1,5.8,2023,1,17,Tuesday,2.0,0,False,False,False,True,True,False,False,False,False,Medium,0,Q3,1,0.3916,6.33,12.52
CUST00144,540200.0,263300.0,785.0,71,51.4,0,57.0,Salaried,4,4.8,5.3,2021,11,6,Saturday,2.0,2,False,False,True,False,False,False,False,True,False,Medium,1,Q4,0,0.4874,11.83,51.4
CUST00145,487180.0,165300.0,662.0,7,68.73,0,43.0,Self-Employed,1,5.9,7.2,2025,2,9,Sunday,1.0,1,True,False,False,False,False,False,True,False,False,Medium,0,Q1,2,0.3393,1.17,68.73
CUST00146,278200.0,41100.0,627.0,40,19.05,0,59.0,Self-Employed,2,4.8,5.3,2019,6,12,Wednesday,3.0,1,False,False,True,False,False,False,True,False,False,Low,0,Q3,1,0.1477,6.67,19.05
CUST00147,143600.0,20000.0,300.0,40,7.84,0,35.0,Self-Employed,1,5.1,5.8,2025,9,7,Sunday,2.0,1,False,False,False,True,False,True,False,False,False,Low,0,Q3,1,0.1393,6.67,7.84
CUST00148,747200.0,146500.0,722.0,38,18.42,0,63.0,Unemployed,6,5.4,6.1,2024,2,17,Saturday,2.0,1,False,True,False,False,False,True,False,False,False,High,1,Q3,1,0.1961,6.33,18.42
CUST00149,492300.0,267400.0,584.0,83,31.82,0,49.0,Self-Employed,0,4.8,5.3,2021,4,1,Thursday,2.0,0,False,False,True,False,False,True,False,False,False,Medium,0,Q4,0,0.5432,13.83,31.82
CUST00150,783500.0,311200.0,695.2,88,32.2,0,56.0,Salaried,1,5.1,5.8,2021,10,26,Tuesday,2.0,1,False,False,False,True,False,False,False,True,False,High,0,Q4,0,0.3972,14.67,32.2
CUST00151,293000.0,124600.0,805.0,7,41.27,0,33.0,Self-Employed,2,5.1,5.8,2020,12,27,Sunday,0.0,1,False,False,False,True,False,False,False,True,False,Low,1,Q1,2,0.4253,1.17,41.27
CUST00152,494300.0,232000.0,671.0,28,47.32,0,52.0,Self-Employed,2,4.8,5.3,2021,7,26,Monday,1.0,1,False,False,True,False,False,False,False,True,False,Medium,0,Q2,1,0.4694,4.67,47.32
CUST00153,538600.0,185500.0,649.0,30,70.27,0,27.0,Salaried,4,4.8,5.3,2022,12,14,Wednesday,3.0,0,False,False,True,False,False,False,True,False,False,Medium,0,Q2,1,0.3444,5.0,70.27
CUST00154,379700.0,165000.0,732.0,11,56.59,0,42.0,Self-Employed,0,5.1,5.8,2025,11,23,Sunday,1.0,0,False,False,False,True,False,False,True,False,False,Low,1,Q2,2,0.4346,1.83,56.59
CUST00155,243000.0,111100.0,738.0,33,55.29,0,48.0,Salaried,2,4.8,5.3,2019,6,5,Wednesday,2.0,1,False,False,True,False,False,False,False,False,True,Low,1,Q2,1,0.4572,5.5,55.29
CUST00156,432180.0,128600.0,586.0,29,29.82,0,22.0,Salaried,2,5.9,7.2,2021,11,6,Saturday,3.0,1,True,False,False,False,True,False,False,False,False,Medium,0,Q2,1,0.2976,4.83,29.82
CUST00157,917700.0,504150.0,608.0,32,9.86,0,62.0,Self-Employed,1,5.9,7.2,2019,11,7,Thursday,0.0,1,True,False,False,False,False,False,False,True,False,Very High,0,Q2,1,0.5494,5.33,9.86
CUST00158,411700.0,216100.0,544.0,102,42.55,0,44.0,Self-Employed,0,5.4,6.1,2025,12,15,Monday,2.0,0,False,True,False,False,True,False,False,False,False,Medium,0,Q4,0,0.5249,17.0,42.55
CUST00159,615100.0,96300.0,683.0,3,46.81,0,48.0,Self-Employed,0,5.4,6.1,2021,4,9,Friday,2.0,0,False,True,False,False,True,False,False,False,False,Medium,0,Q1,2,0.1566,0.5,46.81
CUST00160,393100.0,114900.0,703.0,87,55.44,0,48.0,Self-Employed,1,5.9,7.2,2024,1,28,Sunday,2.0,1,True,False,False,False,False,True,False,False,False,Medium,1,Q4,0,0.2923,14.5,55.44
CUST00161,312400.0,155800.0,542.0,31,13.58,0,64.0,Salaried,3,5.4,6.1,2025,11,13,Thursday,0.0,1,False,True,False,False,False,False,True,False,False,Low,0,Q2,1,0.4987,5.17,13.58
CUST00162,1112700.0,344100.0,614.0,28,67.33,0,64.0,Self-Employed,3,5.4,6.1,2019,2,13,Wednesday,0.0,1,False,True,False,False,False,False,False,False,True,Very High,0,Q2,1,0.3092,4.67,67.33
CUST00163,232100.0,221900.0,542.0,89,38.94,0,40.0,Salaried,0,5.1,5.8,2024,6,12,Wednesday,2.0,0,False,False,False,True,False,False,True,False,False,Low,0,Q4,0,0.9561,14.83,38.94
CUST00164,430000.0,255000.0,578.0,34,10.72,0,50.0,Salaried,2,5.9,7.2,2019,9,30,Monday,3.0,1,True,False,False,False,False,False,False,False,True,Medium,0,Q2,1,0.593,5.67,10.72
CUST00165,507900.0,143900.0,694.0,27,6.54,0,31.0,Salaried,2,5.9,7.2,2021,12,31,Friday,2.0,1,True,False,False,False,False,False,False,True,False,Medium,0,Q2,1,0.2833,4.5,6.54
CUST00166,1027900.0,147400.0,591.0,43,29.82,0,48.0,Salaried,1,5.9,7.2,2021,5,6,Thursday,2.0,1,True,False,False,False,False,False,False,True,False,Very High,0,Q3,1,0.1434,7.17,29.82
CUST00167,731900.0,219100.0,626.0,39,33.94,0,45.0,Salaried,2,5.9,7.2,2023,5,1,Monday,0.0,1,True,False,False,False,False,True,False,False,False,High,0,Q3,1,0.2994,6.5,33.94
CUST00168,230400.0,96200.0,520.0,109,15.12,0,59.0,Self-Employed,3,5.4,6.1,2023,7,5,Wednesday,2.0,0,False,True,False,False,False,False,True,False,False,Low,0,Q4,0,0.4175,18.17,15.12
CUST00169,488300.0,246700.0,660.8,94,32.04,0,53.0,Salaried,3,4.8,5.3,2019,5,22,Wednesday,1.0,1,False,False,True,False,True,False,False,False,False,Medium,0,Q4,0,0.5052,15.67,32.04
CUST00170,493600.0,180000.0,646.0,11,36.68,0,21.0,Salaried,0,4.8,5.3,2019,6,12,Wednesday,3.0,0,False,False,True,False,False,False,False,False,True,Medium,0,Q2,2,0.3647,1.83,36.68
CUST00171,441200.0,115600.0,592.0,7,61.98,0,47.0,Salaried,1,4.8,5.3,2022,12,23,Friday,3.0,0,False,False,True,False,False,True,False,False,False,Medium,0,Q1,2,0.262,1.17,61.98
CUST00172,646200.0,296700.0,635.0,34,30.24,0,33.0,Salaried,0,5.1,5.8,2022,8,25,Thursday,2.0,1,False,False,False,True,False,False,False,True,False,High,0,Q2,1,0.4591,5.67,30.24
CUST00173,259300.0,55000.0,662.4,11,42.82,0,61.0,Self-Employed,4,4.8,5.3,2020,12,8,Tuesday,3.0,1,False,False,True,False,True,False,False,False,False,Low,0,Q2,2,0.2121,1.83,42.82
CUST00174,406800.0,181900.0,585.0,36,67.85,0,23.0,Salaried,1,4.8,5.3,2019,10,22,Tuesday,0.0,0,False,False,True,False,False,False,True,False,False,Medium,0,Q3,1,0.4471,6.0,67.85
CUST00175,606500.0,155800.0,532.0,10,28.74,0,44.0,Salaried,1,4.8,5.3,2024,8,2,Friday,2.0,1,False,False,True,False,False,False,False,True,False,Medium,0,Q1,2,0.2569,1.67,28.74
CUST00176,663800.0,292400.0,794.0,26,17.99,0,26.0,Salaried,2,5.4,6.1,2024,1,10,Wednesday,1.0,1,False,True,False,False,False,True,False,False,False,High,1,Q2,1,0.4405,4.33,17.99
CUST00177,522900.0,211300.0,599.0,3,45.07,0,28.0,Salaried,1,4.8,5.3,2023,7,4,Tuesday,3.0,2,False,False,True,False,True,False,False,False,False,Medium,0,Q1,2,0.4041,0.5,45.07
CUST00178,429400.0,152800.0,642.0,10,53.46,1,47.0,Salaried,1,5.4,6.1,2024,12,19,Thursday,1.0,1,False,True,False,False,True,False,False,False,False,Medium,0,Q1,2,0.3558,1.67,53.46
CUST00179,463300.0,123700.0,731.0,37,67.28,0,29.0,Salaried,3,5.4,6.1,2020,12,8,Tuesday,2.0,1,False,True,False,False,False,True,False,False,False,Medium,1,Q3,1,0.267,6.17,67.28
CUST00180,682300.0,214500.0,850.0,38,22.04,0,57.0,Self-Employed,2,5.4,6.1,2024,9,30,Monday,3.0,1,False,True,False,False,False,True,False,False,False,High,1,Q3,1,0.3144,6.33,22.04
CUST00181,496500.0,106400.0,550.0,92,23.45,1,53.0,Self-Employed,5,4.8,5.3,2019,6,26,Wednesday,0.0,0,False,False,True,False,False,False,False,False,True,Medium,0,Q4,0,0.2143,15.33,23.45
CUST00182,560880.0,194100.0,686.0,83,48.86,0,62.0,Salaried,1,5.9,7.2,2022,7,1,Friday,1.0,1,True,False,False,False,False,False,True,False,False,Medium,0,Q4,0,0.3461,13.83,48.86
CUST00183,280700.0,102200.0,593.0,38,41.86,0,64.0,Unemployed,2,5.4,6.1,2020,12,26,Saturday,2.0,1,False,True,False,False,False,True,False,False,False,Low,0,Q3,1,0.3641,6.33,41.86
CUST00184,250100.0,168400.0,607.0,10,49.22,0,44.0,Salaried,0,4.8,5.3,2020,2,16,Sunday,2.0,1,False,False,True,False,False,False,False,True,False,Low,0,Q1,2,0.6733,1.67,49.22
CUST00185,941300.0,442900.0,592.0,97,41.74,1,35.0,Salaried,5,5.9,7.2,2025,7,29,Tuesday,1.0,1,True,False,False,False,True,False,False,False,False,Very High,0,Q4,0,0.4705,16.17,41.74
CUST00186,703200.0,204200.0,560.0,109,27.34,0,44.0,Unemployed,1,5.4,6.1,2024,6,2,Sunday,1.0,1,False,True,False,False,False,False,False,True,False,High,0,Q4,0,0.2904,18.17,27.34
CUST00187,466100.0,173400.0,676.8,115,27.87,0,52.0,Salaried,1,5.1,5.8,2019,1,10,Thursday,1.0,1,False,False,False,True,False,False,False,True,False,Medium,0,Q4,0,0.372,19.17,27.87
CUST00188,398600.0,87800.0,532.0,11,29.11,0,44.0,Unemployed,1,4.8,5.3,2020,9,2,Wednesday,3.0,0,False,False,True,False,False,False,True,False,False,Medium,0,Q2,2,0.2203,1.83,29.11
CUST00189,377700.0,101900.0,726.0,99,58.41,0,44.0,Salaried,3,4.8,5.3,2023,9,21,Thursday,2.0,1,False,False,True,False,False,False,False,True,False,Low,1,Q4,0,0.2698,16.5,58.41
CUST00190,799700.0,157100.0,654.0,6,60.88,1,32.0,Salaried,3,5.9,7.2,2019,8,14,Wednesday,0.0,1,True,False,False,False,False,False,True,False,False,High,0,Q1,2,0.1964,1.0,60.88
CUST00191,1152000.0,418200.0,684.0,32,5.63,0,59.0,Salaried,1,5.4,6.1,2021,9,18,Saturday,1.0,1,False,True,False,False,False,False,False,True,False,Very High,0,Q2,1,0.363,5.33,5.63
CUST00192,372300.0,97000.0,613.0,94,47.11,0,22.0,Self-Employed,1,5.9,7.2,2022,2,28,Monday,1.0,1,True,False,False,False,False,False,True,False,False,Low,0,Q4,0,0.2605,15.67,47.11
CUST00193,816100.0,121600.0,621.0,9,62.83,0,23.0,Salaried,0,4.8,5.3,2021,12,27,Monday,1.0,1,False,False,True,False,False,False,False,True,False,High,0,Q1,2,0.149,1.5,62.83
CUST00194,495100.0,133800.0,673.0,81,33.22,0,57.0,Self-Employed,5,5.1,5.8,2021,6,7,Monday,2.0,0,False,False,False,True,False,False,False,True,False,Medium,0,Q4,0,0.2702,13.5,33.22
CUST00195,444400.0,287600.0,557.0,7,1.0,0,37.0,Salaried,0,5.4,6.1,2019,3,2,Saturday,1.0,1,False,True,False,False,False,False,False,True,False,Medium,0,Q1,2,0.6472,1.17,1.0
CUST00196,962100.0,305800.0,621.0,99,35.97,0,22.0,Salaried,1,4.8,5.3,2024,6,9,Sunday,1.0,1,False,False,True,False,False,False,False,False,True,Very High,0,Q4,0,0.3178,16.5,35.97
CUST00197,486700.0,222000.0,581.0,9,21.97,0,22.0,Salaried,2,5.9,7.2,2019,5,30,Thursday,2.0,1,True,False,False,False,True,False,False,False,False,Medium,0,Q1,2,0.4561,1.5,21.97
CUST00198,558700.0,20000.0,579.0,80,37.39,0,48.0,Salaried,2,5.4,6.1,2024,11,7,Thursday,1.0,0,False,True,False,False,False,False,False,True,False,Medium,0,Q4,0,0.0358,13.33,37.39
CUST00199,546700.0,90200.0,481.0,5,73.55,0,43.0,Salaried,4,4.8,5.3,2022,3,27,Sunday,2.0,0,False,False,True,False,True,False,False,False,False,Medium,0,Q1,2,0.165,0.83,73.55
CUST00200,629780.0,254200.0,599.2,42,41.75,0,57.0,Salaried,1,5.9,7.2,2020,5,29,Friday,2.0,0,True,False,False,False,False,False,True,False,False,Medium,0,Q3,1,0.4036,7.0,41.75
CUST00201,556700.0,143500.0,300.0,35,76.21,0,52.0,Self-Employed,3,5.1,5.8,2021,4,28,Wednesday,2.0,1,False,False,False,True,False,False,False,False,True,Medium,0,Q3,1,0.2578,5.83,76.21
CUST00202,379600.0,59400.0,743.0,36,14.88,0,53.0,Self-Employed,0,4.8,5.3,2020,5,19,Tuesday,2.0,0,False,False,True,False,False,True,False,False,False,Low,1,Q3,1,0.1565,6.0,14.88
CUST00203,257900.0,20000.0,736.0,9,57.88,0,21.0,Salaried,2,5.1,5.8,2022,8,6,Saturday,2.0,1,False,False,False,True,False,False,True,False,False,Low,1,Q1,2,0.0775,1.5,57.88
CUST00204,387400.0,149900.0,547.0,42,50.28,0,39.0,Salaried,1,5.1,5.8,2024,6,7,Friday,3.0,1,False,False,False,True,False,False,False,True,False,Low,0,Q3,1,0.3869,7.0,50.28
CUST00205,386000.0,108700.0,563.0,9,31.6,0,22.0,Salaried,1,5.1,5.8,2020,9,11,Friday,2.0,1,False,False,False,True,False,True,False,False,False,Low,0,Q1,2,0.2816,1.5,31.6
CUST00206,777200.0,120800.0,850.0,33,4.15,0,64.0,Salaried,1,5.4,6.1,2024,5,7,Tuesday,2.0,1,False,True,False,False,False,False,False,False,True,High,1,Q2,1,0.1554,5.5,4.15
CUST00207,302900.0,57200.0,790.0,10,30.34,1,46.0,Salaried,5,5.9,7.2,2022,6,9,Thursday,3.0,0,True,False,False,False,False,False,True,False,False,Low,1,Q1,2,0.1888,1.67,30.34
CUST00208,342700.0,52700.0,647.0,83,16.94,0,52.0,Salaried,1,4.8,5.3,2021,8,14,Saturday,2.0,0,False,False,True,False,False,False,False,True,False,Low,0,Q4,0,0.1538,13.83,16.94
CUST00209,543600.0,177600.0,671.0,14,5.58,0,26.0,Salaried,3,5.1,5.8,2025,8,18,Monday,1.0,1,False,False,False,True,False,False,False,True,False,Medium,0,Q2,2,0.3267,2.33,5.58
CUST00210,269200.0,114400.0,600.0,5,18.16,0,52.0,Salaried,3,4.8,5.3,2022,8,8,Monday,1.0,0,False,False,True,False,True,False,False,False,False,Low,0,Q1,2,0.425,0.83,18.16
CUST00211,363500.0,145700.0,685.0,8,43.74,0,24.0,Salaried,1,5.4,6.1,2022,6,25,Saturday,1.0,2,False,True,False,False,False,False,True,False,False,Low,0,Q1,2,0.4008,1.33,43.74
CUST00212,1152675.0,504150.0,593.0,39,35.45,0,31.0,Salaried,2,5.9,7.2,2025,6,12,Thursday,3.0,0,True,False,False,False,False,True,False,False,False,Very High,0,Q3,1,0.4374,6.5,35.45
CUST00213,739700.0,293100.0,487.0,13,29.59,0,37.0,Self-Employed,3,4.8,5.3,2019,4,1,Monday,2.0,0,False,False,True,False,False,False,False,False,True,High,0,Q2,2,0.3962,2.17,29.59
CUST00214,426900.0,20800.0,544.0,36,11.35,0,58.0,Self-Employed,0,5.1,5.8,2024,2,10,Saturday,3.0,0,False,False,False,True,False,False,False,True,False,Medium,0,Q3,1,0.0487,6.0,11.35
CUST00215,485500.0,180800.0,652.0,83,3.1,0,44.0,Salaried,0,5.1,5.8,2021,4,12,Monday,2.0,2,False,False,False,True,False,True,False,False,False,Medium,0,Q4,0,0.3724,13.83,3.1
CUST00216,738400.0,446200.0,560.0,35,13.7,0,25.0,Salaried,1,5.9,7.2,2025,11,21,Friday,2.0,0,True,False,False,False,False,False,False,False,True,High,0,Q3,1,0.6043,5.83,13.7
CUST00217,480880.0,185500.0,645.0,32,24.5,1,54.0,Self-Employed,3,5.4,6.1,2024,2,16,Friday,0.0,1,False,True,False,False,False,True,False,False,False,Medium,0,Q2,1,0.3858,5.33,24.5
CUST00218,424900.0,318300.0,564.0,11,17.98,0,26.0,Salaried,0,5.9,7.2,2024,3,8,Friday,2.0,1,True,False,False,False,False,False,False,True,False,Medium,0,Q2,2,0.7491,1.83,17.98
CUST00219,304000.0,20000.0,587.0,48,23.42,0,42.0,Self-Employed,1,5.4,6.1,2025,5,18,Sunday,2.0,0,False,True,False,False,False,False,True,False,False,Low,0,Q4,1,0.0658,8.0,23.42
CUST00220,303700.0,91400.0,718.0,9,79.61,0,31.0,Salaried,0,5.4,6.1,2021,11,26,Friday,3.0,1,False,True,False,False,True,False,False,False,False,Low,1,Q1,2,0.301,1.5,79.61
CUST00221,323100.0,20000.0,670.0,44,30.87,0,36.0,Salaried,5,5.1,5.8,2020,6,15,Monday,1.0,0,False,False,False,True,False,False,False,True,False,Low,0,Q3,1,0.0619,7.33,30.87
CUST00222,391800.0,198300.0,649.0,11,60.54,0,53.0,Salaried,2,5.4,6.1,2022,9,24,Saturday,2.0,1,False,True,False,False,False,False,False,False,True,Medium,0,Q2,2,0.5061,1.83,60.54
CUST00223,411200.0,314900.0,720.0,39,16.44,0,29.0,Salaried,1,4.8,5.3,2024,9,17,Tuesday,2.0,1,False,False,True,False,True,False,False,False,False,Medium,1,Q3,1,0.7658,6.5,16.44
CUST00224,839180.0,367500.0,688.0,31,15.85,0,26.0,Salaried,6,5.1,5.8,2023,6,16,Friday,2.0,1,False,False,False,True,False,False,False,True,False,High,0,Q2,1,0.4379,5.17,15.85
CUST00225,327400.0,182400.0,766.0,103,7.95,0,36.0,Salaried,2,4.8,5.3,2025,12,17,Wednesday,2.0,1,False,False,True,False,True,False,False,False,False,Low,1,Q4,0,0.5571,17.17,7.95
CUST00226,564600.0,175900.0,613.0,7,32.34,0,49.0,Self-Employed,1,4.8,5.3,2023,11,30,Thursday,2.0,0,False,False,True,False,False,True,False,False,False,Medium,0,Q1,2,0.3115,1.17,32.34
CUST00227,608200.0,329900.0,616.0,35,12.31,0,23.0,Salaried,3,5.1,5.8,2020,12,20,Sunday,1.0,0,False,False,False,True,False,True,False,False,False,Medium,0,Q3,1,0.5424,5.83,12.31
CUST00228,396100.0,89500.0,546.0,10,107.08,1,40.0,Salaried,3,5.4,6.1,2023,6,28,Wednesday,2.0,0,False,True,False,False,True,False,False,False,False,Medium,0,Q1,2,0.226,1.67,107.08
CUST00229,340400.0,146900.0,681.2,41,25.83,0,56.0,Self-Employed,2,5.9,7.2,2019,7,31,Wednesday,2.0,0,True,False,False,False,False,False,False,False,True,Low,0,Q3,1,0.4316,6.83,25.83
CUST00230,508000.0,192500.0,727.0,96,27.4,0,39.0,Salaried,2,5.1,5.8,2025,3,10,Monday,3.0,1,False,False,False,True,False,False,False,True,False,Medium,1,Q4,0,0.3789,16.0,27.4
CUST00231,446300.0,73600.0,754.0,35,24.23,0,46.0,Salaried,0,5.1,5.8,2024,6,25,Tuesday,3.0,1,False,False,False,True,False,True,False,False,False,Medium,1,Q3,1,0.1649,5.83,24.23
CUST00232,539900.0,247200.0,650.0,32,17.07,0,44.0,Self-Employed,2,5.9,7.2,2023,1,29,Sunday,1.0,0,True,False,False,False,False,True,False,False,False,Medium,0,Q2,1,0.4579,5.33,17.07
CUST00233,991000.0,276100.0,506.0,88,61.58,0,39.0,Salaried,2,4.8,5.3,2021,4,14,Wednesday,1.0,1,False,False,True,False,False,True,False,False,False,Very High,0,Q4,0,0.2786,14.67,61.58
CUST00234,504300.0,504150.0,737.0,35,38.34,0,40.0,Salaried,2,5.4,6.1,2019,6,16,Sunday,3.0,1,False,True,False,False,False,True,False,False,False,Medium,1,Q3,1,0.9997,5.83,38.34
CUST00235,366700.0,93500.0,503.0,28,6.25,0,52.0,Salaried,3,5.1,5.8,2023,2,13,Monday,2.0,1,False,False,False,True,False,False,False,True,False,Low,0,Q2,1,0.255,4.67,6.25
CUST00236,327500.0,91600.0,722.0,37,6.04,0,27.0,Salaried,1,5.1,5.8,2023,6,30,Friday,3.0,1,False,False,False,True,False,False,True,False,False,Low,1,Q3,1,0.2797,6.17,6.04
CUST00237,333200.0,114100.0,621.0,28,8.97,0,61.0,Self-Employed,1,4.8,5.3,2022,3,7,Monday,1.0,2,False,False,True,False,False,True,False,False,False,Low,0,Q2,1,0.3424,4.67,8.97
CUST00238,253200.0,57900.0,706.0,12,10.66,0,53.0,Self-Employed,1,5.4,6.1,2021,11,25,Thursday,2.0,0,False,True,False,False,False,False,False,True,False,Low,1,Q2,2,0.2287,2.0,10.66
CUST00239,744000.0,325200.0,543.0,87,22.04,0,60.0,Self-Employed,2,5.4,6.1,2025,5,29,Thursday,2.0,1,False,True,False,False,True,False,False,False,False,High,0,Q4,0,0.4371,14.5,22.04
CUST00240,179000.0,100600.0,744.0,40,54.89,0,59.0,Self-Employed,2,5.4,6.1,2025,4,21,Monday,3.0,0,False,True,False,False,True,False,False,False,False,Low,1,Q3,1,0.562,6.67,54.89
CUST00241,609000.0,344300.0,533.0,7,31.09,0,38.0,Salaried,1,5.9,7.2,2019,7,7,Sunday,1.0,0,True,False,False,False,False,True,False,False,False,Medium,0,Q1,2,0.5654,1.17,31.09
CUST00242,330800.0,222700.0,597.0,32,8.51,0,60.0,Salaried,0,4.8,5.3,2021,7,7,Wednesday,2.0,1,False,False,True,False,False,False,False,True,False,Low,0,Q2,1,0.6732,5.33,8.51
CUST00243,388300.0,27200.0,570.0,33,14.08,1,21.0,Salaried,2,5.1,5.8,2022,8,7,Sunday,2.0,1,False,False,False,True,False,False,True,False,False,Medium,0,Q2,1,0.07,5.5,14.08
CUST00244,326400.0,37800.0,510.0,13,5.62,0,31.0,Salaried,0,5.9,7.2,2023,7,8,Saturday,0.0,0,True,False,False,False,False,False,False,True,False,Low,0,Q2,2,0.1158,2.17,5.62
CUST00245,937200.0,409900.0,658.0,43,26.48,0,48.0,Salaried,0,5.4,6.1,2021,6,19,Saturday,2.0,1,False,True,False,False,False,False,False,True,False,Very High,0,Q3,1,0.4374,7.17,26.48
CUST00246,492500.0,290400.0,794.0,86,52.9,0,45.0,Unemployed,3,5.9,7.2,2022,3,22,Tuesday,2.0,1,True,False,False,False,True,False,False,False,False,Medium,1,Q4,0,0.5896,14.33,52.9
CUST00247,697800.0,409000.0,850.0,91,103.8,0,43.0,Salaried,0,4.8,5.3,2019,4,13,Saturday,3.0,1,False,False,True,False,False,False,False,True,False,High,1,Q4,0,0.5861,15.17,103.8
CUST00248,877900.0,504150.0,658.0,111,12.48,0,51.0,Salaried,1,5.9,7.2,2019,11,26,Tuesday,2.0,1,True,False,False,False,False,False,False,True,False,High,0,Q4,0,0.5743,18.5,12.48
CUST00249,526300.0,265000.0,739.0,92,39.97,0,50.0,Salaried,1,5.9,7.2,2019,9,13,Friday,1.0,1,True,False,False,False,False,False,False,True,False,Medium,1,Q4,0,0.5035,15.33,39.97
CUST00250,285500.0,138800.0,669.0,5,89.64,0,62.0,Self-Employed,3,5.1,5.8,2023,5,31,Wednesday,0.0,0,False,False,False,True,False,False,False,True,False,Low,0,Q1,2,0.4862,0.83,89.64
CUST00251,442700.0,64100.0,690.0,38,54.23,0,55.0,Self-Employed,1,5.1,5.8,2022,4,14,Thursday,2.0,1,False,False,False,True,False,False,False,True,False,Medium,0,Q3,1,0.1448,6.33,54.23
CUST00252,350100.0,28300.0,623.0,85,50.2,0,27.0,Salaried,2,5.4,6.1,2019,5,4,Saturday,1.0,1,False,True,False,False,False,False,False,False,True,Low,0,Q4,0,0.0808,14.17,50.2
CUST00253,389800.0,128400.0,666.0,25,37.63,0,36.0,Salaried,1,5.4,6.1,2021,3,3,Wednesday,2.0,0,False,True,False,False,False,False,False,True,False,Medium,0,Q2,1,0.3294,4.17,37.63
CUST00254,468600.0,167500.0,693.0,22,72.96,0,46.0,Self-Employed,2,5.9,7.2,2020,10,21,Wednesday,1.0,0,True,False,False,False,False,False,False,True,False,Medium,0,Q2,1,0.3574,3.67,72.96
CUST00255,460300.0,157100.0,604.0,36,15.32,0,22.0,Salaried,0,5.4,6.1,2021,5,29,Saturday,3.0,1,False,True,False,False,False,False,False,True,False,Medium,0,Q3,1,0.3413,6.0,15.32
CUST00256,588600.0,258700.0,644.0,35,40.82,0,21.0,Salaried,1,4.8,5.3,2019,5,5,Sunday,3.0,1,False,False,True,False,False,False,False,False,True,Medium,0,Q3,1,0.4395,5.83,40.82
CUST00257,628300.0,101700.0,645.0,106,25.48,0,32.0,Self-Employed,1,5.4,6.1,2024,5,9,Thursday,2.0,1,False,True,False,False,False,False,True,False,False,Medium,0,Q4,0,0.1619,17.67,25.48
CUST00258,460300.0,78200.0,618.6,46,17.65,0,25.0,Self-Employed,1,5.9,7.2,2024,8,20,Tuesday,3.0,0,True,False,False,False,False,True,False,False,False,Medium,0,Q4,1,0.1699,7.67,17.65
CUST00259,586300.0,51100.0,565.0,30,10.42,0,57.0,Salaried,6,5.4,6.1,2019,9,11,Wednesday,2.0,1,False,True,False,False,True,False,False,False,False,Medium,0,Q2,1,0.0872,5.0,10.42
CUST00260,381900.0,126800.0,646.0,96,103.18,0,52.0,Self-Employed,2,5.9,7.2,2024,7,20,Saturday,2.0,1,True,False,False,False,False,True,False,False,False,Low,0,Q4,0,0.332,16.0,103.18
CUST00261,883500.0,352300.0,803.0,33,13.29,0,29.0,Self-Employed,1,5.1,5.8,2021,3,13,Saturday,1.0,2,False,False,False,True,False,True,False,False,False,High,1,Q2,1,0.3988,5.5,13.29
CUST00262,379100.0,170100.0,743.0,5,34.05,0,61.0,Salaried,2,5.4,6.1,2025,6,9,Monday,2.0,1,False,True,False,False,False,False,False,True,False,Low,1,Q1,2,0.4487,0.83,34.05
CUST00263,838000.0,504150.0,758.0,41,41.71,0,55.0,Unemployed,4,5.4,6.1,2023,7,22,Saturday,2.0,0,False,True,False,False,False,True,False,False,False,High,1,Q3,1,0.6016,6.83,41.71
CUST00264,251600.0,111300.0,652.0,103,9.44,0,39.0,Self-Employed,2,4.8,5.3,2022,9,7,Wednesday,3.0,2,False,False,True,False,False,True,False,False,False,Low,0,Q4,0,0.4424,17.17,9.44
CUST00265,412000.0,226000.0,676.0,22,44.76,0,36.0,Self-Employed,2,5.1,5.8,2020,1,18,Saturday,2.0,1,False,False,False,True,False,False,True,False,False,Medium,0,Q2,1,0.5485,3.67,44.76
CUST00266,421300.0,131100.0,730.0,37,78.08,0,23.0,Self-Employed,2,5.4,6.1,2019,6,18,Tuesday,3.0,0,False,True,False,False,False,False,False,True,False,Medium,1,Q3,1,0.3112,6.17,78.08
CUST00267,554300.0,235900.0,775.0,45,50.68,0,40.0,Salaried,1,4.8,5.3,2020,6,10,Wednesday,2.0,1,False,False,True,False,False,False,True,False,False,Medium,1,Q4,1,0.4256,7.5,50.68
CUST00268,720600.0,344600.0,494.0,10,27.85,0,44.0,Salaried,1,5.4,6.1,2019,1,7,Monday,1.0,0,False,True,False,False,False,False,False,True,False,High,0,Q1,2,0.4782,1.67,27.85
CUST00269,278700.0,91000.0,545.0,85,32.22,0,44.0,Salaried,0,5.9,7.2,2025,11,2,Sunday,3.0,1,True,False,False,False,False,False,False,True,False,Low,0,Q4,0,0.3265,14.17,32.22
CUST00270,297000.0,23800.0,755.0,94,26.36,0,44.0,Salaried,1,4.8,5.3,2023,7,21,Friday,2.0,0,False,False,True,False,False,True,False,False,False,Low,1,Q4,0,0.0801,15.67,26.36
CUST00271,260200.0,111800.0,628.0,4,18.88,0,31.0,Salaried,1,5.9,7.2,2020,10,17,Saturday,1.0,1,True,False,False,False,False,False,False,False,True,Low,0,Q1,2,0.4297,0.67,18.88
CUST00272,885700.0,504150.0,596.0,7,12.07,0,28.0,Self-Employed,0,5.1,5.8,2021,8,9,Monday,2.0,0,False,False,False,True,False,True,False,False,False,High,0,Q1,2,0.5692,1.17,12.07
CUST00273,559000.0,44900.0,550.0,88,21.46,0,56.0,Self-Employed,3,5.4,6.1,2023,9,15,Friday,1.0,0,False,True,False,False,False,False,True,False,False,Medium,0,Q4,0,0.0803,14.67,21.46
CUST00274,300100.0,150600.0,606.0,98,35.41,0,58.0,Salaried,2,5.1,5.8,2024,7,22,Monday,2.0,1,False,False,False,True,False,False,False,True,False,Low,0,Q4,0,0.5018,16.33,35.41
CUST00275,400600.0,68300.0,538.0,97,80.47,0,60.0,Self-Employed,4,5.4,6.1,2024,6,25,Tuesday,2.0,0,False,True,False,False,False,False,False,True,False,Medium,0,Q4,0,0.1705,16.17,80.47
CUST00276,832200.0,233300.0,817.0,98,24.61,0,40.0,Self-Employed,0,5.1,5.8,2023,2,21,Tuesday,2.0,1,False,False,False,True,False,False,False,True,False,High,1,Q4,0,0.2803,16.33,24.61
CUST00277,431400.0,209800.0,648.0,44,25.29,0,55.0,Salaried,0,5.9,7.2,2023,5,11,Thursday,3.0,1,True,False,False,False,False,True,False,False,False,Medium,0,Q3,1,0.4863,7.33,25.29
CUST00278,420100.0,152500.0,645.0,35,18.1,0,45.0,Salaried,2,5.1,5.8,2021,3,20,Saturday,2.0,1,False,False,False,True,False,False,False,True,False,Medium,0,Q3,1,0.363,5.83,18.1
CUST00279,344000.0,63100.0,697.0,45,87.36,0,55.0,Salaried,1,5.4,6.1,2025,6,26,Thursday,1.0,1,False,True,False,False,False,False,False,True,False,Low,0,Q4,1,0.1834,7.5,87.36
CUST00280,308300.0,71300.0,727.0,9,28.51,0,45.0,Self-Employed,3,5.4,6.1,2021,6,21,Monday,2.0,1,False,True,False,False,True,False,False,False,False,Low,1,Q1,2,0.2313,1.5,28.51
CUST00281,832800.0,445600.0,726.0,30,50.58,0,49.0,Salaried,2,4.8,5.3,2020,6,5,Friday,3.0,0,False,False,True,False,False,False,False,True,False,High,1,Q2,1,0.5351,5.0,50.58
CUST00282,1038500.0,332500.0,736.0,30,43.79,0,38.0,Self-Employed,0,4.8,5.3,2025,6,6,Friday,1.0,1,False,False,True,False,False,False,True,False,False,Very High,1,Q2,1,0.3202,5.0,43.79
CUST00283,313800.0,53200.0,600.0,36,53.25,0,38.0,Salaried,2,5.4,6.1,2021,9,24,Friday,1.0,0,False,True,False,False,False,True,False,False,False,Low,0,Q3,1,0.1695,6.0,53.25
CUST00284,920100.0,282300.0,626.0,44,53.42,0,22.0,Self-Employed,2,4.8,5.3,2024,12,16,Monday,0.0,1,False,False,True,False,False,True,False,False,False,Very High,0,Q3,1,0.3068,7.33,53.42
CUST00285,392700.0,104300.0,712.0,39,25.44,0,55.0,Self-Employed,1,5.4,6.1,2022,4,15,Friday,0.0,1,False,True,False,False,False,False,True,False,False,Medium,1,Q3,1,0.2656,6.5,25.44
CUST00286,621700.0,395200.0,608.0,9,19.92,0,36.0,Self-Employed,0,4.8,5.3,2023,11,21,Tuesday,3.0,2,False,False,True,False,False,True,False,False,False,Medium,0,Q1,2,0.6357,1.5,19.92
CUST00287,922300.0,464500.0,650.0,7,87.24,0,61.0,Unemployed,0,5.1,5.8,2020,10,9,Friday,2.0,1,False,False,False,True,False,False,False,True,False,Very High,0,Q1,2,0.5036,1.17,87.24
CUST00288,458000.0,172500.0,682.0,13,19.73,0,56.0,Self-Employed,2,4.8,5.3,2022,1,1,Saturday,1.0,0,False,False,True,False,True,False,False,False,False,Medium,0,Q2,2,0.3766,2.17,19.73
CUST00289,421900.0,187100.0,713.0,9,31.69,0,53.0,Self-Employed,2,5.4,6.1,2022,12,29,Thursday,2.0,1,False,True,False,False,True,False,False,False,False,Medium,1,Q1,2,0.4435,1.5,31.69
CUST00290,701200.0,214300.0,508.0,82,16.71,0,24.0,Unemployed,4,4.8,5.3,2025,2,16,Sunday,1.0,1,False,False,True,False,False,False,False,True,False,High,0,Q4,0,0.3056,13.67,16.71
CUST00291,296700.0,83200.0,707.0,7,52.09,0,53.0,Self-Employed,1,5.4,6.1,2022,3,20,Sunday,3.0,1,False,True,False,False,False,False,False,True,False,Low,1,Q1,2,0.2804,1.17,52.09
CUST00292,819300.0,191300.0,631.0,9,23.97,0,34.0,Salaried,2,5.1,5.8,2020,10,3,Saturday,3.0,0,False,False,False,True,True,False,False,False,False,High,0,Q1,2,0.2335,1.5,23.97
CUST00293,521400.0,198800.0,707.0,49,18.43,0,41.0,Salaried,2,5.4,6.1,2019,4,4,Thursday,1.0,1,False,True,False,False,False,True,False,False,False,Medium,1,Q4,1,0.3813,8.17,18.43
CUST00294,377000.0,155600.0,712.0,39,33.07,0,40.0,Salaried,0,5.9,7.2,2024,5,2,Thursday,3.0,1,True,False,False,False,False,False,True,False,False,Low,1,Q3,1,0.4127,6.5,33.07
CUST00295,372500.0,265700.0,779.0,10,73.91,0,28.0,Salaried,2,5.1,5.8,2023,2,16,Thursday,2.0,0,False,False,False,True,False,True,False,False,False,Low,1,Q1,2,0.7133,1.67,73.91
CUST00296,262400.0,131500.0,758.0,28,16.29,0,44.0,Salaried,0,5.1,5.8,2019,8,7,Wednesday,1.0,1,False,False,False,True,False,False,False,True,False,Low,1,Q2,1,0.5011,4.67,16.29
CUST00297,384100.0,64400.0,758.0,44,56.74,0,44.0,Salaried,1,5.9,7.2,2019,12,23,Monday,1.0,1,True,False,False,False,False,False,True,False,False,Low,1,Q3,1,0.1677,7.33,56.74
CUST00298,434200.0,44000.0,765.0,1,17.26,0,37.0,Unemployed,0,5.1,5.8,2024,4,24,Wednesday,2.0,1,False,False,False,True,False,False,True,False,False,Medium,1,Q1,2,0.1013,0.17,17.26
CUST00299,303300.0,131300.0,673.0,10,4.49,0,53.0,Self-Employed,3,5.1,5.8,2019,4,28,Sunday,2.0,1,False,False,False,True,False,False,False,True,False,Low,0,Q1,2,0.4329,1.67,4.49
CUST00300,479000.0,257000.0,653.0,85,35.13,0,32.0,Salaried,3,5.9,7.2,2025,7,8,Tuesday,3.0,1,True,False,False,False,False,True,False,False,False,Medium,0,Q4,0,0.5365,14.17,35.13
CUST00301,667680.0,282400.0,720.0,69,13.93,0,42.0,Salaried,3,5.9,7.2,2021,7,31,Saturday,2.0,1,True,False,False,False,True,False,False,False,False,High,1,Q4,0,0.423,11.5,13.93
CUST00302,444200.0,151100.0,709.0,23,18.42,0,42.0,Salaried,4,5.9,7.2,2022,4,13,Wednesday,3.0,1,True,False,False,False,False,False,True,False,False,Medium,1,Q2,1,0.3402,3.83,18.42
CUST00303,658800.0,305000.0,625.0,11,12.32,0,50.0,Salaried,0,4.8,5.3,2019,10,23,Wednesday,2.0,1,False,False,True,False,False,False,False,True,False,High,0,Q2,2,0.463,1.83,12.32
CUST00304,420880.0,96300.0,682.0,35,94.1,0,58.0,Salaried,0,5.9,7.2,2019,4,15,Monday,3.0,0,True,False,False,False,False,False,True,False,False,Medium,0,Q3,1,0.2288,5.83,94.1
CUST00305,768000.0,242000.0,647.0,27,35.27,0,58.0,Salaried,1,4.8,5.3,2024,1,12,Friday,2.0,1,False,False,True,False,True,False,False,False,False,High,0,Q2,1,0.3151,4.5,35.27
CUST00306,516500.0,105100.0,582.0,6,24.32,0,28.0,Salaried,2,5.4,6.1,2019,3,30,Saturday,1.0,1,False,True,False,False,True,False,False,False,False,Medium,0,Q1,2,0.2035,1.0,24.32
CUST00307,980100.0,245600.0,753.0,36,12.02,0,47.0,Self-Employed,1,5.4,6.1,2022,9,24,Saturday,2.0,1,False,True,False,False,False,False,True,False,False,Very High,1,Q3,1,0.2506,6.0,12.02
CUST00308,1152675.0,504150.0,654.0,42,31.81,0,47.0,Self-Employed,3,5.4,6.1,2021,12,21,Tuesday,2.0,1,False,True,False,False,False,False,False,True,False,Very High,0,Q3,1,0.4374,7.0,31.81
CUST00309,395700.0,109200.0,814.0,6,58.83,0,54.0,Salaried,0,5.4,6.1,2020,2,13,Thursday,0.0,1,False,True,False,False,True,False,False,False,False,Medium,1,Q1,2,0.276,1.0,58.83
CUST00310,403100.0,92200.0,520.0,38,37.49,0,41.0,Salaried,2,5.4,6.1,2019,4,16,Tuesday,2.0,1,False,True,False,False,False,False,True,False,False,Medium,0,Q3,1,0.2287,6.33,37.49
CUST00311,437700.0,161400.0,605.0,79,66.87,0,50.0,Salaried,2,5.9,7.2,2022,12,4,Sunday,1.0,1,True,False,False,False,False,False,False,True,False,Medium,0,Q4,0,0.3687,13.17,66.87
CUST00312,639300.0,92700.0,653.0,7,101.88,0,53.0,Salaried,0,4.8,5.3,2023,2,27,Monday,2.0,0,False,False,True,False,False,True,False,False,False,Medium,0,Q1,2,0.145,1.17,101.88
CUST00313,888000.0,316100.0,741.0,86,26.01,0,48.0,Unemployed,1,5.1,5.8,2019,9,10,Tuesday,2.0,0,False,False,False,True,False,True,False,False,False,High,1,Q4,0,0.356,14.33,26.01
CUST00314,364500.0,178000.0,682.0,8,19.4,0,53.0,Salaried,1,5.4,6.1,2022,2,10,Thursday,1.0,1,False,True,False,False,False,False,True,False,False,Low,0,Q1,2,0.4883,1.33,19.4
CUST00315,580500.0,346800.0,675.0,94,98.69,0,25.0,Salaried,0,5.4,6.1,2025,8,1,Friday,1.0,0,False,True,False,False,False,False,False,True,False,Medium,0,Q4,0,0.5974,15.67,98.69
CUST00316,459900.0,172300.0,560.0,7,42.09,0,39.0,Salaried,1,5.9,7.2,2020,4,11,Saturday,2.0,0,True,False,False,False,False,False,True,False,False,Medium,0,Q1,2,0.3746,1.17,42.09
CUST00317,645700.0,46000.0,557.0,10,29.34,0,24.0,Salaried,2,5.9,7.2,2020,2,2,Sunday,3.0,1,True,False,False,False,False,False,False,False,True,High,0,Q1,2,0.0712,1.67,29.34
CUST00318,964400.0,397800.0,676.0,37,75.44,0,55.0,Self-Employed,1,5.4,6.1,2019,7,1,Monday,0.0,0,False,True,False,False,True,False,False,False,False,Very High,0,Q3,1,0.4125,6.17,75.44
CUST00319,438800.0,332700.0,716.8,31,5.71,0,37.0,Self-Employed,2,5.1,5.8,2020,11,19,Thursday,3.0,1,False,False,False,True,False,False,False,False,True,Medium,1,Q2,1,0.7582,5.17,5.71
CUST00320,230600.0,87600.0,607.0,75,28.85,0,64.0,Self-Employed,3,5.1,5.8,2020,8,15,Saturday,1.0,1,False,False,False,True,False,False,False,False,True,Low,0,Q4,0,0.3799,12.5,28.85
CUST00321,683300.0,198400.0,690.0,44,28.7,0,48.0,Salaried,0,4.8,5.3,2022,6,21,Tuesday,3.0,1,False,False,True,False,False,False,False,True,False,High,0,Q3,1,0.2904,7.33,28.7
CUST00322,336100.0,99000.0,571.0,4,66.59,0,50.0,Salaried,3,4.8,5.3,2020,12,20,Sunday,3.0,1,False,False,True,False,False,False,True,False,False,Low,0,Q1,2,0.2946,0.67,66.59
CUST00323,458400.0,293000.0,778.0,37,69.38,0,49.0,Salaried,0,5.1,5.8,2024,7,11,Thursday,2.0,0,False,False,False,True,False,True,False,False,False,Medium,1,Q3,1,0.6392,6.17,69.38
CUST00324,696700.0,108300.0,748.0,34,92.09,0,26.0,Self-Employed,2,5.9,7.2,2019,6,26,Wednesday,2.0,2,True,False,False,False,True,False,False,False,False,High,1,Q2,1,0.1554,5.67,92.09
CUST00325,559000.0,86300.0,524.0,16,17.4,0,55.0,Salaried,0,4.8,5.3,2025,10,10,Friday,2.0,0,False,False,True,False,False,False,False,True,False,Medium,0,Q2,2,0.1544,2.67,17.4
CUST00326,467100.0,209400.0,575.0,41,49.2,0,61.0,Salaried,2,5.1,5.8,2019,10,6,Sunday,2.0,1,False,False,False,True,False,False,False,False,True,Medium,0,Q3,1,0.4483,6.83,49.2
CUST00327,377300.0,83500.0,467.0,37,7.55,0,57.0,Salaried,2,4.8,5.3,2023,3,5,Sunday,0.0,0,False,False,True,False,False,False,True,False,False,Low,0,Q3,1,0.2213,6.17,7.55
CUST00328,132600.0,20000.0,587.0,88,35.29,0,44.0,Self-Employed,4,4.8,5.3,2020,10,29,Thursday,0.0,0,False,False,True,False,True,False,False,False,False,Low,0,Q4,0,0.1508,14.67,35.29
CUST00329,669500.0,125400.0,711.0,98,17.93,0,49.0,Salaried,3,5.4,6.1,2019,11,18,Monday,0.0,1,False,True,False,False,False,False,False,True,False,High,1,Q4,0,0.1873,16.33,17.93
CUST00330,436300.0,271700.0,617.0,8,26.28,0,51.0,Salaried,2,5.1,5.8,2022,11,23,Wednesday,2.0,1,False,False,False,True,False,False,False,True,False,Medium,0,Q1,2,0.6227,1.33,26.28
CUST00331,966100.0,504150.0,687.0,35,84.54,0,44.0,Salaried,0,5.9,7.2,2023,9,7,Thursday,1.0,0,True,False,False,False,True,False,False,False,False,Very High,0,Q3,1,0.5218,5.83,84.54
CUST00332,584900.0,183800.0,528.0,41,17.06,0,53.0,Self-Employed,2,5.9,7.2,2020,1,28,Tuesday,2.0,1,True,False,False,False,False,False,False,True,False,Medium,0,Q3,1,0.3142,6.83,17.06
CUST00333,383300.0,185000.0,714.0,38,10.94,0,41.0,Salaried,3,5.4,6.1,2023,11,28,Tuesday,3.0,0,False,True,False,False,True,False,False,False,False,Low,1,Q3,1,0.4827,6.33,10.94
CUST00334,790200.0,105000.0,606.0,32,54.23,0,52.0,Unemployed,1,5.4,6.1,2020,12,25,Friday,1.0,1,False,True,False,False,False,False,False,True,False,High,0,Q2,1,0.1329,5.33,54.23
CUST00335,820800.0,296400.0,651.0,78,3.11,0,43.0,Salaried,1,4.8,5.3,2024,4,29,Monday,2.0,1,False,False,True,False,False,False,True,False,False,High,0,Q4,0,0.3611,13.0,3.11
CUST00336,443000.0,116300.0,643.0,28,21.26,0,53.0,Unemployed,2,5.9,7.2,2021,10,13,Wednesday,2.0,1,True,False,False,False,False,True,False,False,False,Medium,0,Q2,1,0.2625,4.67,21.26
CUST00337,836600.0,430600.0,548.0,89,3.85,0,23.0,Self-Employed,1,4.8,5.3,2024,8,5,Monday,3.0,1,False,False,True,False,False,False,True,False,False,High,0,Q4,0,0.5147,14.83,3.85
CUST00338,380800.0,143700.0,558.0,94,8.82,0,38.0,Salaried,2,5.4,6.1,2024,5,23,Thursday,3.0,0,False,True,False,False,False,False,True,False,False,Low,0,Q4,0,0.3774,15.67,8.82
CUST00339,516460.0,259000.0,727.0,113,3.76,0,45.0,Self-Employed,0,5.1,5.8,2024,10,18,Friday,3.0,1,False,False,False,True,False,True,False,False,False,Medium,1,Q4,0,0.5015,18.83,3.76
CUST00340,569060.0,246600.0,682.0,97,46.22,1,62.0,Salaried,0,5.4,6.1,2024,6,17,Monday,3.0,0,False,True,False,False,False,False,False,True,False,Medium,0,Q4,0,0.4333,16.17,46.22
CUST00341,696000.0,363900.0,734.0,32,34.73,0,51.0,Unemployed,1,5.1,5.8,2023,6,28,Wednesday,0.0,1,False,False,False,True,False,False,False,True,False,High,1,Q2,1,0.5228,5.33,34.73
CUST00342,646700.0,344400.0,676.0,12,7.44,0,23.0,Self-Employed,0,5.4,6.1,2020,12,13,Sunday,3.0,0,False,True,False,False,False,False,True,False,False,High,0,Q2,2,0.5325,2.0,7.44
CUST00343,421000.0,189600.0,661.0,28,5.64,0,60.0,Salaried,1,5.9,7.2,2019,2,2,Saturday,2.0,1,True,False,False,False,False,False,True,False,False,Medium,0,Q2,1,0.4504,4.67,5.64
CUST00344,799800.0,403600.0,512.0,7,20.64,0,44.0,Self-Employed,0,5.4,6.1,2024,7,22,Monday,1.0,0,False,True,False,False,True,False,False,False,False,High,0,Q1,2,0.5046,1.17,20.64
CUST00345,462300.0,166100.0,628.0,45,29.57,0,52.0,Unemployed,1,5.1,5.8,2020,3,28,Saturday,3.0,0,False,False,False,True,False,True,False,False,False,Medium,0,Q4,1,0.3593,7.5,29.57
CUST00346,378500.0,20000.0,648.0,31,110.06,0,42.0,Salaried,2,4.8,5.3,2021,11,10,Wednesday,1.0,1,False,False,True,False,False,True,False,False,False,Low,0,Q2,1,0.0528,5.17,110.06
CUST00347,1152675.0,504150.0,806.0,41,3.21,0,43.0,Salaried,3,5.4,6.1,2019,12,20,Friday,2.0,1,False,True,False,False,False,True,False,False,False,Very High,1,Q3,1,0.4374,6.83,3.21
CUST00348,1152675.0,119500.0,705.0,79,9.91,0,22.0,Self-Employed,1,4.8,5.3,2020,9,6,Sunday,1.0,0,False,False,True,False,False,False,False,True,False,Very High,1,Q4,0,0.1037,13.17,9.91
CUST00349,350100.0,173400.0,773.0,95,63.84,0,47.0,Self-Employed,3,5.4,6.1,2024,9,11,Wednesday,2.0,2,False,True,False,False,False,True,False,False,False,Low,1,Q4,0,0.4953,15.83,63.84
CUST00350,874300.0,334200.0,698.0,11,60.02,0,62.0,Salaried,0,5.4,6.1,2024,2,20,Tuesday,2.0,1,False,True,False,False,False,False,False,False,True,High,0,Q2,2,0.3822,1.83,60.02
CUST00351,293300.0,34100.0,593.0,35,47.54,0,22.0,Salaried,3,5.1,5.8,2020,11,11,Wednesday,2.0,0,False,False,False,True,True,False,False,False,False,Low,0,Q3,1,0.1163,5.83,47.54
CUST00352,609000.0,130700.0,659.0,35,46.71,0,46.0,Salaried,2,4.8,5.3,2023,7,17,Monday,2.0,0,False,False,True,False,False,True,False,False,False,Medium,0,Q3,1,0.2146,5.83,46.71
CUST00353,558900.0,235200.0,669.0,27,37.62,0,37.0,Salaried,1,5.1,5.8,2022,3,9,Wednesday,1.0,0,False,False,False,True,False,False,True,False,False,Medium,0,Q2,1,0.4208,4.5,37.62
CUST00354,1014100.0,352800.0,706.6,47,39.08,0,44.0,Salaried,3,5.9,7.2,2022,5,14,Saturday,3.0,2,True,False,False,False,True,False,False,False,False,Very High,1,Q4,1,0.3479,7.83,39.08
CUST00355,364200.0,177500.0,619.0,25,32.49,0,53.0,Unemployed,3,5.9,7.2,2024,5,6,Monday,1.0,1,True,False,False,False,False,True,False,False,False,Low,0,Q2,1,0.4874,4.17,32.49
CUST00356,321600.0,235100.0,634.0,34,37.03,0,29.0,Salaried,2,5.4,6.1,2024,11,7,Thursday,2.0,1,False,True,False,False,False,False,False,True,False,Low,0,Q2,1,0.731,5.67,37.03
CUST00357,464000.0,78900.0,778.0,91,31.08,0,63.0,Self-Employed,1,5.4,6.1,2024,8,26,Monday,3.0,1,False,True,False,False,False,False,False,True,False,Medium,1,Q4,0,0.17,15.17,31.08
CUST00358,424920.0,223300.0,484.0,89,113.94,0,59.0,Salaried,2,5.1,5.8,2021,5,25,Tuesday,3.0,1,False,False,False,True,False,True,False,False,False,Medium,0,Q4,0,0.5255,14.83,113.94
CUST00359,328400.0,141000.0,746.0,12,37.91,0,49.0,Salaried,1,5.1,5.8,2019,1,17,Thursday,2.0,0,False,False,False,True,False,False,False,False,True,Low,1,Q2,2,0.4294,2.0,37.91
CUST00360,152500.0,105300.0,575.0,38,12.24,0,62.0,Salaried,2,5.4,6.1,2019,8,4,Sunday,2.0,0,False,True,False,False,False,False,True,False,False,Low,0,Q3,1,0.6905,6.33,12.24
CUST00361,502300.0,171400.0,540.0,30,9.82,0,46.0,Salaried,2,5.4,6.1,2020,9,5,Saturday,3.0,1,False,True,False,False,False,False,False,True,False,Medium,0,Q2,1,0.3412,5.0,9.82
CUST00362,749600.0,131600.0,744.0,7,35.75,0,55.0,Self-Employed,1,4.8,5.3,2024,3,22,Friday,3.0,0,False,False,True,False,False,False,False,True,False,High,1,Q1,2,0.1756,1.17,35.75
CUST00363,309800.0,133100.0,709.0,3,22.47,0,44.0,Self-Employed,0,5.1,5.8,2021,6,11,Friday,2.0,0,False,False,False,True,True,False,False,False,False,Low,1,Q1,2,0.4296,0.5,22.47
CUST00364,716100.0,101300.0,750.0,47,1.64,0,44.0,Self-Employed,6,5.4,6.1,2021,1,5,Tuesday,1.0,1,False,True,False,False,True,False,False,False,False,High,1,Q4,1,0.1415,7.83,1.64
CUST00365,306800.0,37400.0,714.0,38,41.53,0,33.0,Salaried,1,4.8,5.3,2020,8,4,Tuesday,1.0,1,False,False,True,False,False,False,True,False,False,Low,1,Q3,1,0.1219,6.33,41.53
CUST00366,457700.0,54100.0,815.0,6,15.41,0,27.0,Self-Employed,0,5.1,5.8,2023,11,1,Wednesday,1.0,1,False,False,False,True,False,False,True,False,False,Medium,1,Q1,2,0.1182,1.0,15.41
CUST00367,686100.0,116500.0,695.0,38,35.73,0,56.0,Salaried,2,5.4,6.1,2025,12,17,Wednesday,2.0,1,False,True,False,False,False,False,False,True,False,High,0,Q3,1,0.1698,6.33,35.73
CUST00368,286500.0,65800.0,637.0,42,30.88,0,44.0,Self-Employed,1,5.4,6.1,2020,5,17,Sunday,0.0,1,False,True,False,False,True,False,False,False,False,Low,0,Q3,1,0.2297,7.0,30.88
CUST00369,530600.0,169200.0,677.0,5,22.69,0,21.0,Self-Employed,5,5.9,7.2,2022,2,7,Monday,2.0,1,True,False,False,False,True,False,False,False,False,Medium,0,Q1,2,0.3189,0.83,22.69
CUST00370,844700.0,504150.0,674.2,5,13.48,0,28.0,Salaried,2,5.1,5.8,2024,10,4,Friday,1.0,1,False,False,False,True,False,False,False,True,False,High,0,Q1,2,0.5968,0.83,13.48
CUST00371,605200.0,140700.0,588.0,96,36.53,1,36.0,Self-Employed,1,5.4,6.1,2020,8,4,Tuesday,1.0,1,False,True,False,False,True,False,False,False,False,Medium,0,Q4,0,0.2325,16.0,36.53
CUST00372,353500.0,28700.0,598.0,15,33.61,0,34.0,Salaried,3,4.8,5.3,2021,1,11,Monday,3.0,1,False,False,True,False,False,False,False,True,False,Low,0,Q2,2,0.0812,2.5,33.61
CUST00373,968400.0,141300.0,625.0,92,17.86,0,32.0,Salaried,0,4.8,5.3,2025,3,26,Wednesday,2.0,1,False,False,True,False,False,False,False,True,False,Very High,0,Q4,0,0.1459,15.33,17.86
CUST00374,657600.0,244000.0,638.2,38,40.14,0,43.0,Self-Employed,1,4.8,5.3,2020,3,1,Sunday,0.0,0,False,False,True,False,False,False,False,True,False,High,0,Q3,1,0.371,6.33,40.14
CUST00375,211700.0,119400.0,661.0,10,23.09,0,35.0,Salaried,3,5.9,7.2,2020,1,22,Wednesday,3.0,1,True,False,False,False,False,False,False,True,False,Low,0,Q1,2,0.564,1.67,23.09
CUST00376,721400.0,349900.0,499.0,10,29.42,0,48.0,Salaried,5,4.8,5.3,2021,10,22,Friday,0.0,0,False,False,True,False,False,True,False,False,False,High,0,Q1,2,0.485,1.67,29.42
CUST00377,378100.0,284900.0,654.0,7,15.2,1,54.0,Self-Employed,2,4.8,5.3,2022,8,17,Wednesday,2.0,2,False,False,True,False,False,True,False,False,False,Low,0,Q1,2,0.7535,1.17,15.2
CUST00378,534200.0,262100.0,719.0,9,46.41,0,22.0,Salaried,1,4.8,5.3,2019,11,28,Thursday,2.0,1,False,False,True,False,False,True,False,False,False,Medium,1,Q1,2,0.4906,1.5,46.41
CUST00379,769600.0,77100.0,612.0,6,71.34,0,52.0,Salaried,2,5.9,7.2,2021,10,7,Thursday,1.0,1,True,False,False,False,False,True,False,False,False,High,0,Q1,2,0.1002,1.0,71.34
CUST00380,381800.0,150400.0,784.0,27,29.09,0,43.0,Self-Employed,2,4.8,5.3,2024,1,11,Thursday,3.0,1,False,False,True,False,False,False,False,True,False,Low,1,Q2,1,0.3939,4.5,29.09
CUST00381,233200.0,116700.0,533.0,9,39.17,0,42.0,Salaried,1,5.1,5.8,2019,10,11,Friday,2.0,0,False,False,False,True,False,False,False,True,False,Low,0,Q1,2,0.5004,1.5,39.17
CUST00382,962700.0,504150.0,745.0,26,4.47,0,45.0,Salaried,1,5.4,6.1,2019,12,31,Tuesday,2.0,0,False,True,False,False,False,False,True,False,False,Very High,1,Q2,1,0.5237,4.33,4.47
CUST00383,825800.0,291300.0,704.0,39,25.67,0,42.0,Unemployed,3,5.1,5.8,2022,7,6,Wednesday,0.0,1,False,False,False,True,False,True,False,False,False,High,1,Q3,1,0.3527,6.5,25.67
CUST00384,470100.0,90900.0,513.0,9,46.15,1,42.0,Self-Employed,2,5.1,5.8,2020,3,6,Friday,1.0,1,False,False,False,True,False,False,False,True,False,Medium,0,Q1,2,0.1934,1.5,46.15
CUST00385,717900.0,504150.0,674.2,5,47.11,0,62.0,Salaried,0,4.8,5.3,2020,7,18,Saturday,3.0,1,False,False,True,False,True,False,False,False,False,High,0,Q1,2,0.7023,0.83,47.11
CUST00386,414100.0,161800.0,645.0,8,26.68,0,26.0,Self-Employed,2,4.8,5.3,2021,10,13,Wednesday,1.0,1,False,False,True,False,True,False,False,False,False,Medium,0,Q1,2,0.3907,1.33,26.68
CUST00387,510800.0,284400.0,580.0,5,10.09,0,35.0,Self-Employed,3,4.8,5.3,2019,6,24,Monday,2.0,0,False,False,True,False,True,False,False,False,False,Medium,0,Q1,2,0.5568,0.83,10.09
CUST00388,458200.0,20000.0,537.0,34,54.47,0,63.0,Salaried,1,5.4,6.1,2019,5,31,Friday,2.0,1,False,True,False,False,False,True,False,False,False,Medium,0,Q2,1,0.0436,5.67,54.47
CUST00389,421700.0,138400.0,632.0,6,58.05,0,57.0,Salaried,2,4.8,5.3,2020,12,13,Sunday,2.0,0,False,False,True,False,False,False,False,True,False,Medium,0,Q1,2,0.3282,1.0,58.05
CUST00390,574700.0,133300.0,640.0,42,43.81,0,53.0,Salaried,1,5.4,6.1,2020,2,7,Friday,0.0,1,False,True,False,False,False,False,True,False,False,Medium,0,Q3,1,0.2319,7.0,43.81
CUST00391,283900.0,102200.0,658.0,36,30.94,0,28.0,Self-Employed,1,5.4,6.1,2022,1,13,Thursday,1.0,2,False,True,False,False,False,False,False,True,False,Low,0,Q3,1,0.36,6.0,30.94
CUST00392,436600.0,179400.0,626.0,35,9.4,0,64.0,Salaried,1,5.1,5.8,2025,12,12,Friday,2.0,1,False,False,False,True,False,True,False,False,False,Medium,0,Q3,1,0.4109,5.83,9.4
CUST00393,563300.0,79500.0,701.0,39,78.47,0,64.0,Salaried,3,4.8,5.3,2025,8,17,Sunday,1.0,1,False,False,True,False,False,False,False,True,False,Medium,1,Q3,1,0.1411,6.5,78.47
CUST00394,1118100.0,504150.0,619.0,36,39.32,0,25.0,Unemployed,1,5.1,5.8,2024,10,15,Tuesday,1.0,0,False,False,False,True,True,False,False,False,False,Very High,0,Q3,1,0.4509,6.0,39.32
CUST00395,289100.0,75300.0,495.0,10,13.92,0,59.0,Self-Employed,4,4.8,5.3,2023,11,1,Wednesday,0.0,1,False,False,True,False,False,False,False,True,False,Low,0,Q1,2,0.2605,1.67,13.92
CUST00396,618000.0,339800.0,638.0,5,6.25,0,24.0,Salaried,1,5.1,5.8,2022,10,14,Friday,2.0,2,False,False,False,True,False,False,False,False,True,Medium,0,Q1,2,0.5498,0.83,6.25
CUST00397,649200.0,203200.0,461.0,25,4.91,1,26.0,Salaried,4,5.9,7.2,2024,12,30,Monday,3.0,0,True,False,False,False,True,False,False,False,False,High,0,Q2,1,0.313,4.17,4.91
CUST00398,210100.0,88100.0,678.0,3,35.7,1,52.0,Salaried,3,5.4,6.1,2020,5,4,Monday,0.0,0,False,True,False,False,False,True,False,False,False,Low,0,Q1,2,0.4193,0.5,35.7
CUST00399,588200.0,244500.0,572.0,46,59.27,0,50.0,Salaried,0,5.9,7.2,2022,10,12,Wednesday,1.0,0,True,False,False,False,True,False,False,False,False,Medium,0,Q4,1,0.4157,7.67,59.27
CUST00400,635600.0,254700.0,663.0,25,56.6,0,55.0,Self-Employed,1,5.4,6.1,2024,8,13,Tuesday,1.0,0,False,True,False,False,False,False,True,False,False,Medium,0,Q2,1,0.4007,4.17,56.6
CUST00401,637200.0,386600.0,755.0,36,14.54,0,60.0,Self-Employed,1,4.8,5.3,2022,5,22,Sunday,2.0,0,False,False,True,False,True,False,False,False,False,Medium,1,Q3,1,0.6067,6.0,14.54
CUST00402,470800.0,20000.0,574.0,49,73.81,0,36.0,Salaried,2,5.1,5.8,2021,10,19,Tuesday,2.0,0,False,False,False,True,False,True,False,False,False,Medium,0,Q4,1,0.0425,8.17,73.81
CUST00403,568000.0,56500.0,735.0,42,79.53,0,33.0,Salaried,2,5.4,6.1,2020,11,11,Wednesday,2.0,0,False,True,False,False,True,False,False,False,False,Medium,1,Q3,1,0.0995,7.0,79.53
CUST00404,527800.0,205000.0,615.0,36,55.21,0,62.0,Self-Employed,2,4.8,5.3,2025,3,16,Sunday,2.0,1,False,False,True,False,False,True,False,False,False,Medium,0,Q3,1,0.3884,6.0,55.21
CUST00405,228600.0,61000.0,790.0,32,5.96,0,50.0,Salaried,3,5.9,7.2,2021,6,8,Tuesday,2.0,1,True,False,False,False,False,False,False,False,True,Low,1,Q2,1,0.2668,5.33,5.96
CUST00406,533400.0,260100.0,621.0,30,20.81,0,39.0,Salaried,1,5.1,5.8,2020,2,26,Wednesday,3.0,1,False,False,False,True,False,True,False,False,False,Medium,0,Q2,1,0.4876,5.0,20.81
CUST00407,414500.0,114400.0,583.0,33,27.46,0,37.0,Salaried,1,5.9,7.2,2022,8,20,Saturday,2.0,1,True,False,False,False,False,True,False,False,False,Medium,0,Q2,1,0.276,5.5,27.46
CUST00408,356100.0,82900.0,705.0,101,51.99,0,39.0,Salaried,2,5.4,6.1,2023,1,14,Saturday,1.0,1,False,True,False,False,True,False,False,False,False,Low,1,Q4,0,0.2328,16.83,51.99
CUST00409,1152675.0,180200.0,615.0,37,55.98,0,48.0,Unemployed,0,5.9,7.2,2021,4,14,Wednesday,1.0,1,True,False,False,False,True,False,False,False,False,Very High,0,Q3,1,0.1563,6.17,55.98
CUST00410,859100.0,420200.0,583.0,44,39.36,0,46.0,Salaried,1,4.8,5.3,2025,5,6,Tuesday,1.0,1,False,False,True,False,False,False,True,False,False,High,0,Q3,1,0.4891,7.33,39.36
CUST00411,291400.0,176900.0,612.0,40,30.53,0,57.0,Salaried,2,5.9,7.2,2020,11,30,Monday,1.0,0,True,False,False,False,False,False,False,True,False,Low,0,Q3,1,0.6071,6.67,30.53
CUST00412,571500.0,131300.0,646.0,30,26.04,0,46.0,Salaried,2,5.1,5.8,2020,12,31,Thursday,3.0,0,False,False,False,True,False,True,False,False,False,Medium,0,Q2,1,0.2297,5.0,26.04
CUST00413,942300.0,320100.0,757.0,14,34.42,0,43.0,Unemployed,4,5.9,7.2,2025,2,9,Sunday,2.0,1,True,False,False,False,False,False,False,False,True,Very High,1,Q2,2,0.3397,2.33,34.42
CUST00414,249400.0,37800.0,495.0,89,14.06,1,29.0,Salaried,2,5.1,5.8,2025,5,2,Friday,1.0,1,False,False,False,True,True,False,False,False,False,Low,0,Q4,0,0.1516,14.83,14.06
CUST00415,506200.0,243300.0,652.0,10,56.92,0,32.0,Salaried,0,5.4,6.1,2019,4,7,Sunday,2.0,0,False,True,False,False,True,False,False,False,False,Medium,0,Q1,2,0.4806,1.67,56.92
CUST00416,517000.0,172100.0,700.0,30,11.58,0,21.0,Salaried,4,5.9,7.2,2025,4,29,Tuesday,2.0,1,True,False,False,False,False,False,False,True,False,Medium,0,Q2,1,0.3329,5.0,11.58
CUST00417,275500.0,20000.0,665.0,42,16.76,0,21.0,Salaried,2,5.1,5.8,2019,12,2,Monday,1.0,0,False,False,False,True,False,True,False,False,False,Low,0,Q3,1,0.0726,7.0,16.76
CUST00418,580000.0,172100.0,755.0,94,4.4,0,54.0,Salaried,1,5.4,6.1,2021,7,11,Sunday,1.0,1,False,True,False,False,False,False,True,False,False,Medium,1,Q4,0,0.2967,15.67,4.4
CUST00419,808000.0,244700.0,685.4,9,16.57,0,52.0,Self-Employed,2,5.1,5.8,2024,8,3,Saturday,2.0,1,False,False,False,True,True,False,False,False,False,High,0,Q1,2,0.3028,1.5,16.57
CUST00420,588660.0,246000.0,635.0,45,33.87,0,45.0,Salaried,0,5.4,6.1,2025,3,18,Tuesday,2.0,2,False,True,False,False,False,False,False,True,False,Medium,0,Q4,1,0.4179,7.5,33.87
CUST00421,437000.0,140300.0,697.0,41,79.4,1,60.0,Salaried,0,5.9,7.2,2019,6,10,Monday,0.0,1,True,False,False,False,True,False,False,False,False,Medium,0,Q3,1,0.3211,6.83,79.4
CUST00422,1152675.0,162100.0,658.0,6,16.5,0,21.0,Self-Employed,3,5.1,5.8,2024,8,14,Wednesday,1.0,0,False,False,False,True,False,False,True,False,False,Very High,0,Q1,2,0.1406,1.0,16.5
CUST00423,193700.0,110000.0,619.0,10,24.93,0,36.0,Salaried,1,5.9,7.2,2020,7,24,Friday,2.0,0,True,False,False,False,False,False,False,True,False,Low,0,Q1,2,0.5679,1.67,24.93
CUST00424,573900.0,212400.0,691.0,33,40.9,0,59.0,Salaried,0,5.4,6.1,2025,5,24,Saturday,1.0,1,False,True,False,False,False,True,False,False,False,Medium,0,Q2,1,0.3701,5.5,40.9
CUST00425,259000.0,74400.0,598.0,31,23.17,0,25.0,Salaried,1,5.9,7.2,2021,5,22,Saturday,2.0,0,True,False,False,False,False,False,False,True,False,Low,0,Q2,1,0.2873,5.17,23.17
CUST00426,509200.0,20000.0,601.0,8,60.16,0,44.0,Unemployed,0,4.8,5.3,2019,12,21,Saturday,2.0,0,False,False,True,False,False,False,True,False,False,Medium,0,Q1,2,0.0393,1.33,60.16
CUST00427,386600.0,96100.0,608.0,35,4.32,0,49.0,Salaried,0,5.1,5.8,2022,11,24,Thursday,1.0,1,False,False,False,True,False,False,False,True,False,Low,0,Q3,1,0.2486,5.83,4.32
CUST00428,728920.0,299100.0,758.0,41,44.63,0,23.0,Self-Employed,4,4.8,5.3,2023,11,20,Monday,3.0,0,False,False,True,False,False,False,False,True,False,High,1,Q3,1,0.4103,6.83,44.63
CUST00429,461800.0,82400.0,392.0,36,32.7,0,32.0,Self-Employed,1,4.8,5.3,2020,12,9,Wednesday,2.0,0,False,False,True,False,True,False,False,False,False,Medium,0,Q3,1,0.1784,6.0,32.7
CUST00430,337200.0,98400.0,682.0,85,14.9,0,46.0,Salaried,5,5.9,7.2,2025,6,13,Friday,1.0,0,True,False,False,False,False,False,False,True,False,Low,0,Q4,0,0.2918,14.17,14.9
CUST00431,347300.0,65800.0,653.0,41,52.16,0,36.0,Unemployed,2,4.8,5.3,2019,7,28,Sunday,2.0,0,False,False,True,False,False,False,False,True,False,Low,0,Q3,1,0.1895,6.83,52.16
CUST00432,1152675.0,404400.0,516.0,113,53.71,0,57.0,Salaried,2,5.9,7.2,2025,2,8,Saturday,2.0,1,True,False,False,False,False,True,False,False,False,Very High,0,Q4,0,0.3508,18.83,53.71
CUST00433,596900.0,103600.0,675.0,105,12.61,0,42.0,Salaried,1,5.9,7.2,2025,3,8,Saturday,2.0,0,True,False,False,False,False,True,False,False,False,Medium,0,Q4,0,0.1736,17.5,12.61
CUST00434,227300.0,20000.0,688.0,11,39.06,0,49.0,Self-Employed,2,5.1,5.8,2021,4,16,Friday,1.0,0,False,False,False,True,True,False,False,False,False,Low,0,Q2,2,0.088,1.83,39.06
CUST00435,626500.0,350500.0,697.0,10,31.32,0,34.0,Self-Employed,2,5.9,7.2,2021,7,15,Thursday,3.0,0,True,False,False,False,False,True,False,False,False,Medium,0,Q1,2,0.5595,1.67,31.32
CUST00436,447900.0,102400.0,438.0,37,4.8,0,48.0,Salaried,0,4.8,5.3,2023,11,15,Wednesday,2.0,0,False,False,True,False,True,False,False,False,False,Medium,0,Q3,1,0.2286,6.17,4.8
CUST00437,490000.0,133900.0,759.0,38,37.37,0,25.0,Salaried,1,5.4,6.1,2021,3,4,Thursday,1.0,0,False,True,False,False,False,False,True,False,False,Medium,1,Q3,1,0.2733,6.33,37.37
CUST00438,707100.0,167200.0,591.0,30,85.43,0,50.0,Salaried,2,5.4,6.1,2024,4,6,Saturday,1.0,1,False,True,False,False,False,False,False,True,False,High,0,Q2,1,0.2365,5.0,85.43
CUST00439,832700.0,345800.0,705.0,28,36.92,0,25.0,Self-Employed,0,5.4,6.1,2024,7,3,Wednesday,0.0,0,False,True,False,False,False,False,False,True,False,High,1,Q2,1,0.4153,4.67,36.92
CUST00440,332200.0,20000.0,709.0,37,25.08,0,44.0,Salaried,0,5.4,6.1,2022,10,22,Saturday,2.0,1,False,True,False,False,False,True,False,False,False,Low,1,Q3,1,0.0602,6.17,25.08
CUST00441,482400.0,41200.0,580.0,32,59.32,0,36.0,Salaried,0,5.9,7.2,2022,4,8,Friday,1.0,0,True,False,False,False,False,True,False,False,False,Medium,0,Q2,1,0.0854,5.33,59.32
CUST00442,382400.0,249400.0,703.0,8,46.34,0,46.0,Salaried,1,5.9,7.2,2021,4,30,Friday,1.0,0,True,False,False,False,True,False,False,False,False,Low,1,Q1,2,0.6522,1.33,46.34
CUST00443,639600.0,90300.0,619.0,88,12.57,0,46.0,Salaried,1,4.8,5.3,2022,2,10,Thursday,3.0,1,False,False,True,False,False,False,True,False,False,Medium,0,Q4,0,0.1412,14.67,12.57
CUST00444,440400.0,225500.0,484.0,12,35.27,0,41.0,Self-Employed,0,5.1,5.8,2022,1,9,Sunday,1.0,1,False,False,False,True,False,True,False,False,False,Medium,0,Q2,2,0.512,2.0,35.27
CUST00445,495400.0,228400.0,743.0,90,22.14,0,59.0,Salaried,1,5.1,5.8,2025,12,12,Friday,0.0,1,False,False,False,True,False,False,False,True,False,Medium,1,Q4,0,0.461,15.0,22.14
CUST00446,432900.0,31600.0,588.0,11,11.33,1,56.0,Unemployed,2,5.1,5.8,2023,11,21,Tuesday,0.0,1,False,False,False,True,False,False,False,True,False,Medium,0,Q2,2,0.073,1.83,11.33
CUST00447,466100.0,138300.0,657.4,108,66.62,0,53.0,Salaried,2,5.9,7.2,2024,8,21,Wednesday,1.0,0,True,False,False,False,False,False,True,False,False,Medium,0,Q4,0,0.2967,18.0,66.62
CUST00448,1052900.0,388900.0,618.0,8,39.27,0,50.0,Self-Employed,0,4.8,5.3,2021,8,13,Friday,1.0,0,False,False,True,False,False,True,False,False,False,Very High,0,Q1,2,0.3694,1.33,39.27
CUST00449,1152675.0,504150.0,672.0,8,43.47,0,57.0,Salaried,1,4.8,5.3,2023,2,15,Wednesday,2.0,0,False,False,True,False,False,True,False,False,False,Very High,0,Q1,2,0.4374,1.33,43.47
CUST00450,579400.0,326800.0,645.0,13,23.37,0,43.0,Salaried,2,5.4,6.1,2024,1,7,Sunday,1.0,1,False,True,False,False,False,False,False,True,False,Medium,0,Q2,2,0.564,2.17,23.37
CUST00451,467400.0,229800.0,694.0,31,25.72,0,30.0,Salaried,3,4.8,5.3,2025,10,14,Tuesday,1.0,0,False,False,True,False,False,False,True,False,False,Medium,0,Q2,1,0.4917,5.17,25.72
CUST00452,238500.0,20000.0,543.0,90,66.76,0,25.0,Salaried,1,5.1,5.8,2024,8,7,Wednesday,2.0,1,False,False,False,True,True,False,False,False,False,Low,0,Q4,0,0.0839,15.0,66.76
CUST00453,347300.0,245400.0,591.0,29,27.52,0,56.0,Salaried,5,5.1,5.8,2022,6,29,Wednesday,2.0,1,False,False,False,True,False,False,False,True,False,Low,0,Q2,1,0.7066,4.83,27.52
CUST00454,461800.0,132700.0,641.0,96,26.18,0,54.0,Unemployed,1,5.4,6.1,2019,5,23,Thursday,2.0,0,False,True,False,False,False,True,False,False,False,Medium,0,Q4,0,0.2874,16.0,26.18
CUST00455,354400.0,153700.0,802.0,34,56.71,0,51.0,Self-Employed,1,4.8,5.3,2021,6,21,Monday,2.0,0,False,False,True,False,False,False,False,False,True,Low,1,Q2,1,0.4337,5.67,56.71
CUST00456,371600.0,20000.0,641.0,33,32.4,0,30.0,Salaried,1,5.1,5.8,2025,9,22,Monday,1.0,1,False,False,False,True,False,True,False,False,False,Low,0,Q2,1,0.0538,5.5,32.4
CUST00457,993400.0,209600.0,737.0,85,46.41,0,39.0,Salaried,0,5.4,6.1,2025,1,21,Tuesday,2.0,1,False,True,False,False,False,False,True,False,False,Very High,1,Q4,0,0.211,14.17,46.41
CUST00458,495300.0,180200.0,653.0,6,57.53,0,52.0,Salaried,2,4.8,5.3,2023,9,10,Sunday,2.0,1,False,False,True,False,False,False,False,True,False,Medium,0,Q1,2,0.3638,1.0,57.53
CUST00459,515700.0,191200.0,611.0,39,29.6,0,21.0,Salaried,1,5.1,5.8,2025,12,8,Monday,1.0,1,False,False,False,True,False,False,True,False,False,Medium,0,Q3,1,0.3708,6.5,29.6
CUST00460,361000.0,72800.0,630.0,80,19.38,0,25.0,Self-Employed,1,4.8,5.3,2025,6,19,Thursday,3.0,0,False,False,True,False,False,False,False,True,False,Low,0,Q4,0,0.2017,13.33,19.38
CUST00461,830600.0,244000.0,637.0,95,4.48,1,24.0,Unemployed,0,5.4,6.1,2021,10,5,Tuesday,0.0,1,False,True,False,False,False,False,False,False,True,High,0,Q4,0,0.2938,15.83,4.48
CUST00462,444300.0,269100.0,698.0,80,19.46,0,36.0,Salaried,2,4.8,5.3,2022,6,6,Monday,2.0,1,False,False,True,False,True,False,False,False,False,Medium,0,Q4,0,0.6057,13.33,19.46
CUST00463,386800.0,121900.0,760.0,82,11.36,0,44.0,Salaried,2,5.1,5.8,2025,5,21,Wednesday,1.0,1,False,False,False,True,True,False,False,False,False,Low,1,Q4,0,0.3151,13.67,11.36
CUST00464,240100.0,22500.0,679.0,5,38.95,0,36.0,Salaried,0,5.9,7.2,2025,10,14,Tuesday,2.0,1,True,False,False,False,True,False,False,False,False,Low,0,Q1,2,0.0937,0.83,38.95
CUST00465,475700.0,98400.0,745.0,107,17.38,0,22.0,Salaried,1,5.4,6.1,2024,2,12,Monday,2.0,1,False,True,False,False,False,False,True,False,False,Medium,1,Q4,0,0.2069,17.83,17.38
CUST00466,381400.0,191100.0,573.0,42,10.65,0,48.0,Salaried,3,4.8,5.3,2021,8,26,Thursday,3.0,1,False,False,True,False,False,True,False,False,False,Low,0,Q3,1,0.501,7.0,10.65
CUST00467,1043500.0,504150.0,617.0,91,8.9,0,52.0,Self-Employed,1,4.8,5.3,2025,6,15,Sunday,0.0,1,False,False,True,False,True,False,False,False,False,Very High,0,Q4,0,0.4831,15.17,8.9
CUST00468,1121000.0,467600.0,592.0,36,31.84,0,47.0,Self-Employed,2,5.9,7.2,2023,4,22,Saturday,2.0,1,True,False,False,False,False,False,False,False,True,Very High,0,Q3,1,0.4171,6.0,31.84
CUST00469,280400.0,97500.0,675.0,27,39.44,0,40.0,Salaried,1,5.9,7.2,2020,5,23,Saturday,2.0,0,True,False,False,False,False,True,False,False,False,Low,0,Q2,1,0.3477,4.5,39.44
CUST00470,295100.0,214600.0,621.0,41,10.37,0,44.0,Self-Employed,0,5.4,6.1,2023,3,2,Thursday,2.0,1,False,True,False,False,False,False,False,False,True,Low,0,Q3,1,0.7272,6.83,10.37
CUST00471,431800.0,34800.0,708.0,6,9.87,0,32.0,Salaried,3,5.1,5.8,2019,5,17,Friday,2.0,2,False,False,False,True,False,False,True,False,False,Medium,1,Q1,2,0.0806,1.0,9.87
CUST00472,338700.0,175300.0,576.0,12,11.65,0,55.0,Self-Employed,1,5.4,6.1,2024,2,5,Monday,2.0,1,False,True,False,False,False,False,True,False,False,Low,0,Q2,2,0.5176,2.0,11.65
CUST00473,539200.0,113700.0,601.2,87,22.73,0,53.0,Salaried,3,4.8,5.3,2022,1,21,Friday,2.0,0,False,False,True,False,False,True,False,False,False,Medium,0,Q4,0,0.2109,14.5,22.73
CUST00474,422100.0,20000.0,705.0,93,34.97,0,53.0,Salaried,7,5.4,6.1,2023,5,31,Wednesday,1.0,0,False,True,False,False,False,False,False,True,False,Medium,1,Q4,0,0.0474,15.5,34.97
CUST00475,554700.0,106100.0,485.0,5,23.97,0,63.0,Self-Employed,0,4.8,5.3,2023,4,3,Monday,2.0,0,False,False,True,False,False,False,False,True,False,Medium,0,Q1,2,0.1913,0.83,23.97
CUST00476,772400.0,291500.0,820.0,49,16.8,0,57.0,Self-Employed,3,4.8,5.3,2020,9,9,Wednesday,1.0,0,False,False,True,False,False,False,False,True,False,High,1,Q4,1,0.3774,8.17,16.8
CUST00477,302900.0,157900.0,627.0,36,25.96,1,32.0,Self-Employed,3,4.8,5.3,2022,4,13,Wednesday,3.0,1,False,False,True,False,False,True,False,False,False,Low,0,Q3,1,0.5213,6.0,25.96
CUST00478,765200.0,189200.0,300.0,30,39.63,1,23.0,Salaried,3,5.4,6.1,2021,6,19,Saturday,2.0,1,False,True,False,False,False,True,False,False,False,High,0,Q2,1,0.2473,5.0,39.63
CUST00479,352300.0,343300.0,663.0,9,24.51,1,21.0,Self-Employed,0,5.9,7.2,2024,10,25,Friday,3.0,1,True,False,False,False,False,True,False,False,False,Low,0,Q1,2,0.9745,1.5,24.51
CUST00480,379860.0,221400.0,653.0,84,53.74,0,53.0,Salaried,0,5.4,6.1,2024,1,22,Monday,1.0,0,False,True,False,False,False,False,False,False,True,Low,0,Q4,0,0.5828,14.0,53.74
CUST00481,1014000.0,252500.0,643.0,51,59.76,0,60.0,Self-Employed,1,5.9,7.2,2022,4,24,Sunday,3.0,1,True,False,False,False,False,True,False,False,False,Very High,0,Q4,1,0.249,8.5,59.76
CUST00482,464700.0,22400.0,729.0,37,21.13,0,30.0,Salaried,0,5.1,5.8,2019,10,12,Saturday,2.0,1,False,False,False,True,False,True,False,False,False,Medium,1,Q3,1,0.0482,6.17,21.13
CUST00483,316900.0,62600.0,710.0,32,53.41,0,63.0,Unemployed,3,4.8,5.3,2023,9,20,Wednesday,2.0,0,False,False,True,False,False,False,False,True,False,Low,1,Q2,1,0.1975,5.33,53.41
CUST00484,290800.0,123100.0,674.0,4,40.46,1,64.0,Unemployed,6,4.8,5.3,2024,7,17,Wednesday,2.0,0,False,False,True,False,False,False,False,True,False,Low,0,Q1,2,0.4233,0.67,40.46
CUST00485,724400.0,124200.0,686.0,40,79.64,0,49.0,Self-Employed,0,4.8,5.3,2025,10,10,Friday,1.0,0,False,False,True,False,True,False,False,False,False,High,0,Q3,1,0.1715,6.67,79.64
CUST00486,482300.0,228700.0,642.0,9,16.55,0,33.0,Salaried,1,5.4,6.1,2021,4,8,Thursday,2.0,0,False,True,False,False,False,False,True,False,False,Medium,0,Q1,2,0.4742,1.5,16.55
CUST00487,742000.0,319200.0,792.0,4,99.24,0,32.0,Salaried,0,4.8,5.3,2025,9,9,Tuesday,2.0,2,False,False,True,False,True,False,False,False,False,High,1,Q1,2,0.4302,0.67,99.24
CUST00488,1152675.0,504150.0,532.0,29,5.21,0,51.0,Self-Employed,0,5.1,5.8,2019,12,28,Saturday,0.0,1,False,False,False,True,False,False,False,True,False,Very High,0,Q2,1,0.4374,4.83,5.21
CUST00489,345700.0,20000.0,661.0,95,18.0,0,22.0,Salaried,3,5.9,7.2,2021,12,14,Tuesday,1.0,1,True,False,False,False,False,False,True,False,False,Low,0,Q4,0,0.0579,15.83,18.0
CUST00490,281100.0,67200.0,655.0,34,6.68,0,55.0,Self-Employed,1,5.4,6.1,2024,11,25,Monday,3.0,1,False,True,False,False,False,False,False,True,False,Low,0,Q2,1,0.2391,5.67,6.68
CUST00491,533200.0,317800.0,715.0,4,94.46,0,43.0,Salaried,2,5.1,5.8,2022,1,30,Sunday,3.0,1,False,False,False,True,False,False,False,True,False,Medium,1,Q1,2,0.596,0.67,94.46
CUST00492,818400.0,291600.0,582.0,32,59.27,0,37.0,Salaried,0,4.8,5.3,2025,2,15,Saturday,3.0,1,False,False,True,False,False,False,False,True,False,High,0,Q2,1,0.3563,5.33,59.27
CUST00493,320200.0,218200.0,511.0,115,47.13,0,46.0,Self-Employed,2,5.1,5.8,2024,12,30,Monday,2.0,1,False,False,False,True,False,False,False,True,False,Low,0,Q4,0,0.6814,19.17,47.13
CUST00494,496600.0,164400.0,663.0,39,74.66,0,28.0,Salaried,2,5.9,7.2,2021,2,27,Saturday,1.0,0,True,False,False,False,False,True,False,False,False,Medium,0,Q3,1,0.3311,6.5,74.66
CUST00495,905800.0,467400.0,672.0,91,21.45,0,49.0,Salaried,1,5.9,7.2,2021,9,26,Sunday,1.0,1,True,False,False,False,False,False,False,True,False,Very High,0,Q4,0,0.516,15.17,21.45
CUST00496,234500.0,62600.0,769.0,32,5.89,0,46.0,Salaried,1,5.4,6.1,2021,12,23,Thursday,1.0,0,False,True,False,False,False,False,False,False,True,Low,1,Q2,1,0.267,5.33,5.89
CUST00497,543600.0,83700.0,548.0,41,31.06,0,30.0,Salaried,2,5.4,6.1,2019,9,30,Monday,0.0,0,False,True,False,False,False,True,False,False,False,Medium,0,Q3,1,0.154,6.83,31.06
CUST00498,383400.0,206600.0,742.0,9,7.25,0,46.0,Self-Employed,1,5.1,5.8,2021,9,6,Monday,1.0,1,False,False,False,True,False,False,False,True,False,Low,1,Q1,2,0.5389,1.5,7.25
CUST00499,517000.0,117500.0,839.0,9,33.0,0,44.0,Salaried,1,5.4,6.1,2019,8,15,Thursday,1.0,1,False,True,False,False,False,False,False,True,False,Medium,1,Q1,2,0.2273,1.5,33.0
CUST00500,336040.0,91100.0,620.0,36,98.26,1,61.0,Unemployed,3,5.1,5.8,2021,1,22,Friday,2.0,1,False,False,False,True,False,False,True,False,False,Low,0,Q3,1,0.2711,6.0,98.26
CUST00501,766320.0,147900.0,547.0,41,29.91,0,27.0,Self-Employed,1,4.8,5.3,2021,1,15,Friday,3.0,1,False,False,True,False,False,False,False,True,False,High,0,Q3,1,0.193,6.83,29.91
CUST00502,310300.0,99200.0,617.0,96,92.35,0,24.0,Salaried,3,5.4,6.1,2022,9,17,Saturday,2.0,1,False,True,False,False,True,False,False,False,False,Low,0,Q4,0,0.3197,16.0,92.35
CUST00503,390200.0,165400.0,651.0,75,9.76,0,31.0,Self-Employed,1,5.4,6.1,2024,7,22,Monday,3.0,1,False,True,False,False,False,False,False,False,True,Medium,0,Q4,0,0.4239,12.5,9.76
CUST00504,929100.0,263400.0,666.6,7,45.63,0,49.0,Salaried,2,5.4,6.1,2022,1,5,Wednesday,2.0,1,False,True,False,False,False,False,False,True,False,Very High,0,Q1,2,0.2835,1.17,45.63
CUST00505,566900.0,258000.0,603.0,11,33.03,0,56.0,Salaried,3,5.1,5.8,2025,8,12,Tuesday,1.0,0,False,False,False,True,False,True,False,False,False,Medium,0,Q2,2,0.4551,1.83,33.03
CUST00506,713600.0,340800.0,774.0,36,27.01,0,45.0,Unemployed,0,4.8,5.3,2025,11,28,Friday,1.0,1,False,False,True,False,False,False,False,True,False,High,1,Q3,1,0.4776,6.0,27.01
CUST00507,547200.0,48200.0,561.0,17,23.34,0,41.0,Salaried,1,4.8,5.3,2022,10,10,Monday,0.0,0,False,False,True,False,False,False,True,False,False,Medium,0,Q2,2,0.0881,2.83,23.34
CUST00508,703700.0,144900.0,511.0,41,42.52,0,56.0,Salaried,2,4.8,5.3,2021,9,1,Wednesday,1.0,1,False,False,True,False,False,True,False,False,False,High,0,Q3,1,0.2059,6.83,42.52
CUST00509,409100.0,190200.0,739.0,87,60.91,0,30.0,Salaried,2,5.4,6.1,2019,10,28,Monday,2.0,0,False,True,False,False,False,False,False,True,False,Medium,1,Q4,0,0.4649,14.5,60.91
CUST00510,346100.0,173800.0,468.0,85,29.94,0,57.0,Salaried,1,4.8,5.3,2020,5,22,Friday,0.0,1,False,False,True,False,False,False,False,True,False,Low,0,Q4,0,0.5022,14.17,29.94
CUST00511,689500.0,247500.0,634.0,35,70.89,1,29.0,Salaried,3,5.4,6.1,2020,1,23,Thursday,1.0,1,False,True,False,False,False,False,True,False,False,High,0,Q3,1,0.359,5.83,70.89
CUST00512,812100.0,504150.0,850.0,101,4.99,0,44.0,Self-Employed,1,5.1,5.8,2025,11,13,Thursday,1.0,0,False,False,False,True,False,True,False,False,False,High,1,Q4,0,0.6208,16.83,4.99
CUST00513,324000.0,63900.0,649.0,37,56.39,0,55.0,Self-Employed,4,4.8,5.3,2021,7,29,Thursday,3.0,1,False,False,True,False,False,False,False,True,False,Low,0,Q3,1,0.1972,6.17,56.39
CUST00514,377300.0,109200.0,560.0,6,74.68,0,55.0,Salaried,2,4.8,5.3,2021,11,9,Tuesday,2.0,0,False,False,True,False,False,False,True,False,False,Low,0,Q1,2,0.2894,1.0,74.68
CUST00515,454300.0,194400.0,645.0,41,12.22,0,56.0,Salaried,4,4.8,5.3,2020,2,3,Monday,2.0,0,False,False,True,False,False,False,True,False,False,Medium,0,Q3,1,0.4279,6.83,12.22
CUST00516,1013500.0,504150.0,646.0,31,110.91,0,38.0,Salaried,1,4.8,5.3,2020,7,4,Saturday,1.0,1,False,False,True,False,True,False,False,False,False,Very High,0,Q2,1,0.4974,5.17,110.91
CUST00517,630000.0,288200.0,663.0,31,63.73,0,59.0,Salaried,1,5.1,5.8,2023,8,5,Saturday,2.0,1,False,False,False,True,False,False,False,True,False,Medium,0,Q2,1,0.4575,5.17,63.73
CUST00518,269500.0,121700.0,703.0,10,26.01,0,52.0,Salaried,2,4.8,5.3,2024,10,22,Tuesday,2.0,1,False,False,True,False,True,False,False,False,False,Low,1,Q1,2,0.4516,1.67,26.01
CUST00519,468900.0,20000.0,567.0,44,22.42,0,44.0,Salaried,1,5.4,6.1,2020,8,8,Saturday,2.0,0,False,True,False,False,False,False,True,False,False,Medium,0,Q3,1,0.0427,7.33,22.42
CUST00520,437700.0,305300.0,785.0,31,21.55,0,43.0,Salaried,2,5.9,7.2,2020,4,6,Monday,3.0,1,True,False,False,False,False,False,False,True,False,Medium,1,Q2,1,0.6975,5.17,21.55
CUST00521,288400.0,20000.0,670.0,75,26.1,0,52.0,Salaried,3,5.4,6.1,2019,8,17,Saturday,1.0,1,False,True,False,False,False,False,True,False,False,Low,0,Q4,0,0.0693,12.5,26.1
CUST00522,466400.0,58700.0,708.0,30,44.09,1,57.0,Salaried,5,5.4,6.1,2023,5,12,Friday,3.0,1,False,True,False,False,False,True,False,False,False,Medium,1,Q2,1,0.1259,5.0,44.09
CUST00523,429100.0,112200.0,600.0,38,17.73,0,32.0,Unemployed,2,5.1,5.8,2019,5,8,Wednesday,3.0,0,False,False,False,True,False,False,False,False,True,Medium,0,Q3,1,0.2615,6.33,17.73
CUST00524,415500.0,68600.0,753.0,39,29.34,0,33.0,Unemployed,0,5.1,5.8,2023,8,22,Tuesday,0.0,1,False,False,False,True,False,False,False,True,False,Medium,1,Q3,1,0.1651,6.5,29.34
CUST00525,407000.0,20000.0,629.0,9,8.73,0,43.0,Salaried,0,5.1,5.8,2021,10,31,Sunday,2.0,1,False,False,False,True,False,False,True,False,False,Medium,0,Q1,2,0.0491,1.5,8.73
CUST00526,948000.0,140600.0,672.0,39,49.9,0,45.0,Unemployed,1,4.8,5.3,2024,9,12,Thursday,3.0,0,False,False,True,False,False,True,False,False,False,Very High,0,Q3,1,0.1483,6.5,49.9
CUST00527,415100.0,105600.0,575.0,85,34.14,1,55.0,Self-Employed,1,4.8,5.3,2024,11,4,Monday,1.0,0,False,False,True,False,False,False,False,False,True,Medium,0,Q4,0,0.2544,14.17,34.14
CUST00528,500000.0,96800.0,570.0,33,8.25,0,61.0,Salaried,2,5.4,6.1,2025,1,7,Tuesday,2.0,1,False,True,False,False,False,True,False,False,False,Medium,0,Q2,1,0.1936,5.5,8.25
CUST00529,476200.0,330200.0,705.0,86,51.04,0,50.0,Salaried,0,5.4,6.1,2024,11,26,Tuesday,3.0,1,False,True,False,False,False,False,False,False,True,Medium,1,Q4,0,0.6934,14.33,51.04
CUST00530,389500.0,75300.0,615.0,6,7.76,1,37.0,Self-Employed,1,5.1,5.8,2025,4,20,Sunday,2.0,1,False,False,False,True,False,False,False,False,True,Medium,0,Q1,2,0.1933,1.0,7.76
CUST00531,506800.0,92500.0,582.0,11,47.3,0,40.0,Self-Employed,2,4.8,5.3,2020,10,19,Monday,1.0,1,False,False,True,False,False,False,False,True,False,Medium,0,Q2,2,0.1825,1.83,47.3
CUST00532,503500.0,210000.0,599.0,78,33.67,0,45.0,Salaried,1,5.1,5.8,2024,11,26,Tuesday,2.0,1,False,False,False,True,True,False,False,False,False,Medium,0,Q4,0,0.4171,13.0,33.67
CUST00533,506800.0,289300.0,706.0,81,39.95,0,42.0,Self-Employed,2,5.9,7.2,2022,8,11,Thursday,1.0,1,True,False,False,False,False,False,False,False,True,Medium,1,Q4,0,0.5708,13.5,39.95
CUST00534,332200.0,135400.0,600.0,83,22.68,0,33.0,Salaried,2,5.4,6.1,2025,3,2,Sunday,2.0,0,False,True,False,False,False,False,False,True,False,Low,0,Q4,0,0.4076,13.83,22.68
CUST00535,445600.0,149100.0,641.0,38,5.18,0,39.0,Self-Employed,1,4.8,5.3,2019,2,27,Wednesday,0.0,0,False,False,True,False,False,True,False,False,False,Medium,0,Q3,1,0.3346,6.33,5.18
CUST00536,688400.0,276100.0,651.0,82,22.67,0,56.0,Unemployed,4,5.9,7.2,2023,4,4,Tuesday,2.0,1,True,False,False,False,False,False,True,False,False,High,0,Q4,0,0.4011,13.67,22.67
CUST00537,450900.0,20000.0,497.0,85,11.66,0,32.0,Salaried,1,5.4,6.1,2024,1,31,Wednesday,2.0,0,False,True,False,False,False,False,False,True,False,Medium,0,Q4,0,0.0444,14.17,11.66
CUST00538,525900.0,20000.0,532.0,99,47.09,0,61.0,Self-Employed,3,5.1,5.8,2020,10,12,Monday,2.0,1,False,False,False,True,False,False,False,True,False,Medium,0,Q4,0,0.038,16.5,47.09
CUST00539,527100.0,32600.0,677.0,35,36.41,0,39.0,Salaried,3,4.8,5.3,2023,12,18,Monday,2.0,1,False,False,True,False,False,False,False,True,False,Medium,0,Q3,1,0.0618,5.83,36.41
CUST00540,590000.0,271400.0,591.0,40,16.63,0,32.0,Self-Employed,0,5.4,6.1,2023,3,17,Friday,2.0,1,False,True,False,False,False,False,False,True,False,Medium,0,Q3,1,0.46,6.67,16.63
CUST00541,628700.0,125300.0,735.0,99,18.11,0,29.0,Self-Employed,5,5.9,7.2,2023,8,30,Wednesday,2.0,2,True,False,False,False,False,True,False,False,False,Medium,1,Q4,0,0.1993,16.5,18.11
CUST00542,452100.0,27900.0,727.0,30,85.35,0,27.0,Salaried,3,5.1,5.8,2020,7,16,Thursday,1.0,1,False,False,False,True,False,False,False,True,False,Medium,1,Q2,1,0.0617,5.0,85.35
CUST00543,324500.0,116000.0,708.0,40,68.6,0,48.0,Self-Employed,1,5.4,6.1,2019,5,5,Sunday,2.0,1,False,True,False,False,True,False,False,False,False,Low,1,Q3,1,0.3575,6.67,68.6
CUST00544,282500.0,210900.0,796.0,37,33.68,0,44.0,Salaried,2,5.1,5.8,2020,1,23,Thursday,1.0,1,False,False,False,True,True,False,False,False,False,Low,1,Q3,1,0.7465,6.17,33.68
CUST00545,772900.0,305500.0,643.0,40,75.06,0,51.0,Self-Employed,1,5.4,6.1,2024,1,19,Friday,3.0,0,False,True,False,False,False,False,False,True,False,High,0,Q3,1,0.3953,6.67,75.06
CUST00546,691500.0,67000.0,702.0,40,23.92,0,39.0,Salaried,3,5.1,5.8,2022,1,28,Friday,0.0,1,False,False,False,True,False,False,True,False,False,High,1,Q3,1,0.0969,6.67,23.92
CUST00547,1152675.0,504150.0,603.0,5,57.11,0,36.0,Self-Employed,1,5.9,7.2,2019,11,27,Wednesday,2.0,1,True,False,False,False,False,False,True,False,False,Very High,0,Q1,2,0.4374,0.83,57.11
CUST00548,704400.0,226300.0,846.0,88,16.39,0,25.0,Salaried,1,4.8,5.3,2021,1,15,Friday,2.0,1,False,False,True,False,False,False,False,False,True,High,1,Q4,0,0.3213,14.67,16.39
CUST00549,454700.0,161600.0,809.0,34,18.48,0,55.0,Self-Employed,0,4.8,5.3,2022,6,6,Monday,2.0,1,False,False,True,False,False,False,False,True,False,Medium,1,Q2,1,0.3554,5.67,18.48
CUST00550,369100.0,45100.0,651.0,32,17.5,0,32.0,Salaried,0,5.1,5.8,2019,8,14,Wednesday,0.0,0,False,False,False,True,False,False,False,True,False,Low,0,Q2,1,0.1222,5.33,17.5
CUST00551,314500.0,134700.0,681.0,5,60.04,0,45.0,Self-Employed,1,4.8,5.3,2024,10,5,Saturday,2.0,0,False,False,True,False,False,False,False,False,True,Low,0,Q1,2,0.4283,0.83,60.04
CUST00552,299500.0,57000.0,759.0,6,20.39,0,41.0,Unemployed,1,5.9,7.2,2023,11,2,Thursday,2.0,1,True,False,False,False,False,False,False,False,True,Low,1,Q1,2,0.1903,1.0,20.39
CUST00553,843600.0,345400.0,638.0,8,77.37,0,56.0,Unemployed,1,5.4,6.1,2023,2,10,Friday,2.0,1,False,True,False,False,True,False,False,False,False,High,0,Q1,2,0.4094,1.33,77.37
CUST00554,391600.0,52700.0,597.0,37,23.44,0,43.0,Self-Employed,0,5.1,5.8,2024,11,23,Saturday,1.0,0,False,False,False,True,True,False,False,False,False,Medium,0,Q3,1,0.1346,6.17,23.44
CUST00555,786000.0,243100.0,720.0,3,38.35,0,36.0,Salaried,2,5.9,7.2,2019,3,11,Monday,2.0,1,True,False,False,False,False,False,False,True,False,High,1,Q1,2,0.3093,0.5,38.35
CUST00556,449500.0,78500.0,656.0,114,59.1,0,59.0,Salaried,3,5.1,5.8,2020,8,11,Tuesday,2.0,1,False,False,False,True,False,True,False,False,False,Medium,0,Q4,0,0.1746,19.0,59.1
CUST00557,360700.0,197600.0,665.0,7,7.29,0,62.0,Salaried,2,5.4,6.1,2020,7,8,Wednesday,2.0,2,False,True,False,False,False,False,False,True,False,Low,0,Q1,2,0.5478,1.17,7.29
CUST00558,298800.0,504150.0,674.2,11,21.5,0,59.0,Salaried,1,5.9,7.2,2021,6,16,Wednesday,2.0,0,True,False,False,False,False,False,False,True,False,Low,0,Q2,2,1.6872,1.83,21.5
CUST00559,375200.0,104900.0,513.0,7,58.69,1,34.0,Salaried,3,5.9,7.2,2020,1,6,Monday,2.0,1,True,False,False,False,True,False,False,False,False,Low,0,Q1,2,0.2796,1.17,58.69
CUST00560,925600.0,212400.0,669.0,9,19.6,1,51.0,Self-Employed,1,4.8,5.3,2019,9,1,Sunday,1.0,1,False,False,True,False,False,False,False,True,False,Very High,0,Q1,2,0.2295,1.5,19.6
CUST00561,300200.0,90800.0,722.0,38,11.67,1,25.0,Salaried,4,4.8,5.3,2024,2,3,Saturday,0.0,1,False,False,True,False,False,True,False,False,False,Low,1,Q3,1,0.3025,6.33,11.67
CUST00562,1152675.0,504150.0,632.0,93,12.29,0,55.0,Unemployed,1,5.4,6.1,2025,4,17,Thursday,1.0,1,False,True,False,False,False,False,False,False,True,Very High,0,Q4,0,0.4374,15.5,12.29
CUST00563,334900.0,20000.0,765.0,26,43.43,0,43.0,Self-Employed,2,5.9,7.2,2020,2,15,Saturday,1.0,1,True,False,False,False,False,False,False,True,False,Low,1,Q2,1,0.0597,4.33,43.43
CUST00564,685200.0,392000.0,594.0,9,73.32,0,49.0,Salaried,1,4.8,5.3,2025,6,20,Friday,2.0,1,False,False,True,False,False,False,False,False,True,High,0,Q1,2,0.5721,1.5,73.32
CUST00565,458000.0,231000.0,566.0,6,48.9,0,63.0,Salaried,3,5.4,6.1,2020,10,16,Friday,2.0,1,False,True,False,False,False,False,False,False,True,Medium,0,Q1,2,0.5044,1.0,48.9
CUST00566,1152675.0,504150.0,645.0,28,18.23,0,31.0,Salaried,0,5.9,7.2,2025,6,24,Tuesday,1.0,0,True,False,False,False,False,False,True,False,False,Very High,0,Q2,1,0.4374,4.67,18.23
CUST00567,275900.0,65200.0,643.0,87,65.21,0,38.0,Salaried,1,4.8,5.3,2019,10,1,Tuesday,3.0,0,False,False,True,False,False,False,False,True,False,Low,0,Q4,0,0.2363,14.5,65.21
CUST00568,467800.0,199300.0,712.0,7,21.3,0,32.0,Self-Employed,0,5.4,6.1,2025,11,24,Monday,0.0,1,False,True,False,False,False,True,False,False,False,Medium,1,Q1,2,0.426,1.17,21.3
CUST00569,290300.0,75100.0,588.0,33,17.13,0,29.0,Salaried,1,5.1,5.8,2019,6,1,Saturday,2.0,1,False,False,False,True,False,True,False,False,False,Low,0,Q2,1,0.2587,5.5,17.13
CUST00570,229400.0,66700.0,759.0,33,34.31,0,30.0,Salaried,2,5.1,5.8,2020,2,11,Tuesday,2.0,0,False,False,False,True,False,True,False,False,False,Low,1,Q2,1,0.2908,5.5,34.31
CUST00571,516000.0,36100.0,807.0,6,69.19,0,64.0,Self-Employed,2,4.8,5.3,2019,8,27,Tuesday,1.0,1,False,False,True,False,False,False,False,True,False,Medium,1,Q1,2,0.07,1.0,69.19
CUST00572,367300.0,74800.0,647.0,24,30.67,0,37.0,Self-Employed,3,5.4,6.1,2020,7,17,Friday,0.0,1,False,True,False,False,False,False,False,False,True,Low,0,Q2,1,0.2036,4.0,30.67
CUST00573,1043400.0,332600.0,750.0,6,35.69,0,58.0,Unemployed,3,5.9,7.2,2024,1,12,Friday,2.0,2,True,False,False,False,False,False,False,True,False,Very High,1,Q1,2,0.3188,1.0,35.69
CUST00574,766800.0,426100.0,565.0,33,13.25,0,27.0,Salaried,1,4.8,5.3,2025,1,1,Wednesday,1.0,1,False,False,True,False,True,False,False,False,False,High,0,Q2,1,0.5557,5.5,13.25
CUST00575,1049500.0,504150.0,736.0,2,13.07,1,33.0,Salaried,2,4.8,5.3,2024,1,4,Thursday,3.0,0,False,False,True,False,False,False,False,True,False,Very High,1,Q1,2,0.4804,0.33,13.07
CUST00576,359900.0,58100.0,734.0,33,5.37,0,60.0,Self-Employed,0,4.8,5.3,2019,11,20,Wednesday,2.0,2,False,False,True,False,False,False,True,False,False,Low,1,Q2,1,0.1614,5.5,5.37
CUST00577,519800.0,246400.0,719.0,8,13.02,0,62.0,Salaried,1,4.8,5.3,2020,11,12,Thursday,3.0,1,False,False,True,False,False,False,False,False,True,Medium,1,Q1,2,0.474,1.33,13.02
CUST00578,1152675.0,504150.0,649.0,99,13.52,0,29.0,Salaried,3,5.9,7.2,2024,3,13,Wednesday,1.0,1,True,False,False,False,False,False,False,True,False,Very High,0,Q4,0,0.4374,16.5,13.52
CUST00579,430700.0,20000.0,414.0,5,36.37,0,47.0,Salaried,3,4.8,5.3,2019,11,22,Friday,2.0,1,False,False,True,False,False,False,False,True,False,Medium,0,Q1,2,0.0464,0.83,36.37
CUST00580,511100.0,504150.0,599.0,86,50.79,0,22.0,Salaried,0,5.9,7.2,2019,11,18,Monday,2.0,0,True,False,False,False,False,False,True,False,False,Medium,0,Q4,0,0.9864,14.33,50.79
CUST00581,524000.0,240000.0,600.0,75,19.7,0,25.0,Salaried,2,5.1,5.8,2024,7,6,Saturday,2.0,0,False,False,False,True,True,False,False,False,False,Medium,0,Q4,0,0.458,12.5,19.7
CUST00582,654100.0,303400.0,572.0,105,6.44,0,49.0,Salaried,1,4.8,5.3,2023,6,30,Friday,1.0,0,False,False,True,False,False,False,True,False,False,High,0,Q4,0,0.4638,17.5,6.44
CUST00583,503800.0,262800.0,660.0,22,31.89,0,57.0,Salaried,1,5.9,7.2,2023,11,6,Monday,2.0,1,True,False,False,False,False,True,False,False,False,Medium,0,Q2,1,0.5216,3.67,31.89
CUST00584,144200.0,20000.0,616.0,35,73.99,0,58.0,Salaried,4,5.1,5.8,2025,5,30,Friday,2.0,0,False,False,False,True,False,False,False,True,False,Low,0,Q3,1,0.1387,5.83,73.99
CUST00585,548700.0,71800.0,584.0,37,42.77,0,39.0,Self-Employed,0,4.8,5.3,2022,12,3,Saturday,2.0,0,False,False,True,False,False,False,False,False,True,Medium,0,Q3,1,0.1309,6.17,42.77
CUST00586,607800.0,246800.0,565.0,7,15.0,0,28.0,Salaried,0,4.8,5.3,2022,4,5,Tuesday,1.0,0,False,False,True,False,False,False,False,False,True,Medium,0,Q1,2,0.4061,1.17,15.0
CUST00587,1152675.0,504150.0,593.0,31,58.83,0,21.0,Self-Employed,0,5.9,7.2,2019,11,4,Monday,3.0,0,True,False,False,False,False,True,False,False,False,Very High,0,Q2,1,0.4374,5.17,58.83
CUST00588,577200.0,122400.0,740.0,13,8.79,0,42.0,Salaried,1,5.9,7.2,2022,1,14,Friday,0.0,0,True,False,False,False,True,False,False,False,False,Medium,1,Q2,2,0.2121,2.17,8.79
CUST00589,461000.0,215300.0,597.0,91,14.25,0,37.0,Salaried,3,5.1,5.8,2024,9,27,Friday,2.0,0,False,False,False,True,False,True,False,False,False,Medium,0,Q4,0,0.467,15.17,14.25
CUST00590,803900.0,20000.0,609.0,5,76.12,0,27.0,Salaried,1,4.8,5.3,2019,7,17,Wednesday,3.0,1,False,False,True,False,False,True,False,False,False,High,0,Q1,2,0.0249,0.83,76.12
CUST00591,169300.0,170600.0,613.0,42,19.86,0,44.0,Salaried,2,5.1,5.8,2019,6,28,Friday,2.0,1,False,False,False,True,False,False,False,True,False,Low,0,Q3,1,1.0077,7.0,19.86
CUST00592,387800.0,76600.0,677.0,33,57.54,0,24.0,Salaried,2,5.4,6.1,2025,9,22,Monday,2.0,1,False,True,False,False,False,True,False,False,False,Medium,0,Q2,1,0.1975,5.5,57.54
CUST00593,346400.0,163200.0,686.0,36,26.71,0,56.0,Salaried,4,5.4,6.1,2020,7,18,Saturday,2.0,0,False,True,False,False,False,False,True,False,False,Low,0,Q3,1,0.4711,6.0,26.71
CUST00594,481400.0,65400.0,406.0,47,42.28,0,26.0,Self-Employed,1,5.9,7.2,2023,8,25,Friday,3.0,1,True,False,False,False,False,False,False,True,False,Medium,0,Q4,1,0.1359,7.83,42.28
CUST00595,181800.0,111700.0,732.0,9,16.06,0,51.0,Salaried,2,4.8,5.3,2022,12,8,Thursday,1.0,0,False,False,True,False,False,True,False,False,False,Low,1,Q1,2,0.6144,1.5,16.06
CUST00596,885400.0,148600.0,765.0,35,40.03,0,39.0,Salaried,2,5.4,6.1,2023,3,18,Saturday,2.0,2,False,True,False,False,True,False,False,False,False,High,1,Q3,1,0.1678,5.83,40.03
CUST00597,437000.0,242100.0,566.0,3,30.37,0,64.0,Self-Employed,2,4.8,5.3,2019,2,3,Sunday,2.0,0,False,False,True,False,False,False,True,False,False,Medium,0,Q1,2,0.554,0.5,30.37
CUST00598,564400.0,239600.0,572.0,94,17.23,0,59.0,Salaried,2,5.4,6.1,2022,8,30,Tuesday,2.0,1,False,True,False,False,False,False,True,False,False,Medium,0,Q4,0,0.4245,15.67,17.23
CUST00599,540600.0,218200.0,614.0,36,22.18,0,47.0,Salaried,2,5.4,6.1,2025,11,16,Sunday,1.0,1,False,True,False,False,False,False,False,False,True,Medium,0,Q3,1,0.4036,6.0,22.18
CUST00600,863000.0,89100.0,590.0,100,8.55,0,30.0,Salaried,1,5.1,5.8,2025,9,9,Tuesday,2.0,1,False,False,False,True,False,False,False,True,False,High,0,Q4,0,0.1032,16.67,8.55
